update_step,stage,cumulative_tokens,global_mean_loss,global_valid_tokens,global_answer_positions,global_context_positions,grad_norm_before_clip,grad_norm_after_clip,learning_rate,iteration_seconds_excluding_checkpoint,checkpoint_seconds,logged_at_unix
1,2,65532,0.333193376660347,65530,95,65435,192.0,1.0,5e-06,60.078767327126116,0.0,1789706328.4400852
2,2,131066,0.4206283986568451,65532,85,65447,272.0,1.0,5e-06,58.60518757393584,0.0,1789706387.0457506
3,2,196601,0.3947899788618088,65533,66,65467,254.0,1.0,5e-06,58.48487394629046,0.0,1789706445.5311093
4,2,262137,0.3247719407081604,65534,88,65446,253.0,1.0,5e-06,58.660996039863676,0.0,1789706504.192627
5,2,327667,0.43340419232845306,65528,105,65423,326.0,1.0,5e-06,58.74064248614013,0.0,1789706562.9337873
6,2,393202,0.35748831927776337,65533,103,65430,294.0,1.0,5e-06,58.57044467981905,0.0,1789706621.5047505
7,2,458738,0.7627451121807098,65534,103,65431,424.0,1.0,5e-06,58.5542482980527,0.0,1789706680.0594928
8,2,524270,0.41064195334911346,65530,118,65412,412.0,1.0,5e-06,59.26257308013737,0.0,1789706739.3225956
9,2,589801,0.6311419010162354,65529,75,65454,480.0,1.0,5e-06,59.04693555133417,0.0,1789706798.3700528
10,2,655332,0.5542875081300735,65529,74,65455,328.0,1.0,5e-06,58.817095729056746,0.0,1789706857.187637
11,2,720867,0.48410236835479736,65533,93,65440,310.0,1.0,5e-06,59.00101568317041,0.0,1789706916.1891637
12,2,784407,0.5282717645168304,63538,80,63458,372.0,1.0,5e-06,58.859044710639864,0.0,1789706975.0487027
13,2,849150,0.36662808060646057,64741,43,64698,420.0,1.0,5e-06,58.39207656402141,0.0,1789707033.441306
14,2,914686,0.37473810464143753,65534,47,65487,308.0,1.0,5e-06,58.595611170865595,0.0,1789707092.0374157
15,2,980221,0.39989741146564484,65533,56,65477,556.0,1.0,5e-06,58.65965668298304,0.0,1789707150.697551
16,2,1045756,0.2908220738172531,65533,79,65454,298.0,1.0,5e-06,58.75148255657405,0.0,1789707209.4495463
17,2,1111290,0.3635649010539055,65532,68,65464,338.0,1.0,5e-06,58.62466292176396,0.0,1789707268.0747023
18,2,1176825,0.2323838174343109,65533,33,65500,217.0,1.0,5e-06,58.33109829202294,0.0,1789707326.4063437
19,2,1242360,0.33517976850271225,65533,67,65466,632.0,1.0,5e-06,58.744832310359925,0.0,1789707385.1516826
20,2,1307896,0.28652235865592957,65534,53,65481,272.0,1.0,5e-06,58.4120156429708,0.0,1789707443.564175
21,2,1373430,0.3227268382906914,65532,42,65490,240.0,1.0,5e-06,58.54917282471433,0.0,1789707502.1138203
22,2,1438963,0.7974982559680939,65531,40,65491,360.0,1.0,5e-06,58.462167074903846,0.0,1789707560.576471
23,2,1504499,0.3195531964302063,65534,37,65497,270.0,1.0,5e-06,58.35989316506311,0.0,1789707618.9368613
24,2,1570033,0.35418030619621277,65532,72,65460,524.0,1.0,5e-06,58.71359858568758,0.0,1789707677.6509101
25,2,1635569,0.48268142342567444,65534,49,65485,296.0,1.0,5e-06,58.53869855077937,185.63468842813745,1789707921.8250828
26,2,1701103,0.6196831464767456,65532,61,65471,414.0,1.0,5e-06,57.844613417983055,0.0,1789707979.671261
27,2,1766638,0.2989374026656151,65533,42,65491,596.0,1.0,5e-06,58.146423482801765,0.0,1789708037.8182192
28,2,1832169,0.4884001985192299,65529,50,65479,430.0,1.0,5e-06,58.46690925396979,0.0,1789708096.2856793
29,2,1897704,0.40013740956783295,65533,81,65452,468.0,1.0,5e-06,58.50831642001867,0.0,1789708154.7945325
30,2,1963237,0.39435599744319916,65531,69,65462,212.0,1.0,5e-06,58.617797541897744,0.0,1789708213.41286
31,2,2028770,0.17819008976221085,65531,49,65482,135.0,1.0,5e-06,58.51570536894724,0.0,1789708271.9290957
32,2,2094306,0.49428993463516235,65534,63,65471,384.0,1.0,5e-06,58.66784015158191,0.0,1789708330.5974793
33,2,2159842,0.4767320603132248,65534,45,65489,772.0,1.0,5e-06,58.59286330919713,0.0,1789708389.1908674
34,2,2225375,0.30744077265262604,65531,45,65486,227.0,1.0,5e-06,58.47911052405834,0.0,1789708447.67053
35,2,2290911,0.3085334673523903,65534,58,65476,164.0,1.0,5e-06,58.64777952013537,0.0,1789708506.318844
36,2,2356445,0.31029097735881805,65532,56,65476,142.0,1.0,5e-06,58.52116418676451,0.0,1789708564.8405552
37,2,2421980,0.9896977245807648,65533,25,65508,804.0,1.0,5e-06,58.28255579806864,0.0,1789708623.123625
38,2,2487514,0.2748759537935257,65532,46,65486,206.0,1.0,5e-06,58.53019184526056,0.0,1789708681.6543448
39,2,2553050,0.251720666885376,65534,43,65491,256.0,1.0,5e-06,58.43147406121716,0.0,1789708740.0863507
40,2,2618583,0.3552386313676834,65531,40,65491,336.0,1.0,5e-06,58.523523073177785,0.0,1789708798.6104138
41,2,2684116,0.4332519769668579,65531,36,65495,400.0,1.0,5e-06,58.398940728046,0.0,1789708857.0098693
42,2,2746560,0.4300296902656555,62442,39,62403,406.0,1.0,5e-06,56.90373392030597,0.0,1789708913.914135
43,2,2800000,0.6419976353645325,53438,48,53390,544.0,1.0,5e-06,53.150247354991734,0.0,1789708967.0649374
44,2,2865535,0.696053221821785,65533,24,65509,1440.0,1.0,5e-06,58.31207660399377,0.0,1789709025.3775864
45,2,2931069,0.6441158056259155,65532,11,65521,728.0,1.0,5e-06,58.60557920392603,0.0,1789709083.9837296
46,2,2996605,0.360433928668499,65534,11,65523,1344.0,1.0,5e-06,58.663192762993276,0.0,1789709142.647524
47,2,3062140,0.9788387715816498,65533,18,65515,980.0,1.0,5e-06,58.45422087330371,0.0,1789709201.102295
48,2,3127676,0.6063298434019089,65534,24,65510,342.0,1.0,5e-06,58.35381177114323,0.0,1789709259.4566448
49,2,3193211,0.7817594707012177,65533,25,65508,1112.0,1.0,5e-06,58.48409418622032,0.0,1789709317.9412868
50,2,3258747,0.42029884457588196,65534,28,65506,712.0,1.0,5e-06,58.58834203379229,0.0,1789709376.530225
51,2,3324283,0.2791698947548866,65534,30,65504,262.0,1.0,5e-06,58.44588316511363,0.0,1789709434.976709
52,2,3389817,0.9007794857025146,65532,14,65518,1240.0,1.0,5e-06,58.250323293264955,0.0,1789709493.2276073
53,2,3455352,0.3864929974079132,65533,30,65503,490.0,1.0,5e-06,58.6043651457876,0.0,1789709551.8324783
54,2,3520887,0.31077465415000916,65533,21,65512,231.0,1.0,5e-06,58.31037337658927,0.0,1789709610.1433918
55,2,3586423,1.5047237873077393,65534,9,65525,1416.0,1.0,5e-06,58.149307544808835,0.0,1789709668.293227
56,2,3651958,0.6268640458583832,65533,28,65505,960.0,1.0,5e-06,58.33706617401913,0.0,1789709726.6308465
57,2,3717493,1.1179062724113464,65533,19,65514,860.0,1.0,5e-06,58.24767358601093,0.0,1789709784.8790495
58,2,3783027,0.2817581593990326,65532,30,65502,318.0,1.0,5e-06,58.40360550675541,0.0,1789709843.2831979
59,2,3846409,0.6326723992824554,63380,25,63355,462.0,1.0,5e-06,58.454942907672375,0.0,1789709901.7386696
60,2,3907722,0.5550492703914642,61311,23,61288,696.0,1.0,5e-06,53.2267594486475,0.0,1789709954.9659607
61,2,3969246,0.6559526175260544,61522,16,61506,1376.0,1.0,5e-06,53.135829001665115,0.0,1789710008.1023405
62,2,4032766,0.3711535073816776,63518,128,63390,282.0,1.0,5e-06,58.399506920948625,0.0,1789710066.5024204
63,2,4098302,0.36460457742214203,65534,265,65269,185.0,1.0,5e-06,58.507857526652515,0.0,1789710125.0108182
64,2,4163834,0.41703012585639954,65530,203,65327,162.0,1.0,5e-06,58.90456983400509,0.0,1789710183.9159136
65,2,4229370,0.3443845063447952,65534,238,65296,171.0,1.0,5e-06,58.87751949066296,0.0,1789710242.7939618
66,2,4294903,0.3762633055448532,65531,257,65274,187.0,1.0,5e-06,58.55723976902664,0.0,1789710301.3518138
67,2,4360438,0.40828943252563477,65533,239,65294,105.0,1.0,5e-06,58.867586279287934,0.0,1789710360.2199981
68,2,4425973,0.4684586524963379,65533,229,65304,268.0,1.0,5e-06,58.768003459088504,0.0,1789710418.9886212
69,2,4491508,0.29829685389995575,65533,252,65281,101.0,1.0,5e-06,58.83710463857278,0.0,1789710477.8262825
70,2,4556864,0.3676341474056244,65354,223,65131,175.0,1.0,5e-06,58.795937199145555,0.0,1789710536.622759
71,2,4616384,0.33849896490573883,59518,213,59305,97.5,1.0,5e-06,54.92989525105804,0.0,1789710591.553206
72,2,4681918,0.5798857808113098,65532,105,65427,408.0,1.0,5e-06,58.854430966079235,0.0,1789710650.408161
73,2,4747454,0.46311113238334656,65534,119,65415,308.0,1.0,5e-06,58.8208449119702,0.0,1789710709.2295492
74,2,4812990,0.46659205853939056,65534,79,65455,255.0,1.0,5e-06,58.67518693115562,0.0,1789710767.9053032
75,2,4878526,0.4352095127105713,65534,134,65400,356.0,1.0,5e-06,58.60868298262358,0.0,1789710826.5145328
76,2,4944062,0.41467873752117157,65534,97,65437,376.0,1.0,5e-06,58.79138258425519,0.0,1789710885.3064585
77,2,5009597,0.3485804796218872,65533,150,65383,69.0,1.0,5e-06,59.064873663242906,0.0,1789710944.3718698
78,2,5075132,0.4016815274953842,65533,123,65410,564.0,1.0,5e-06,58.52467470988631,0.0,1789711002.897099
79,2,5140668,0.33382004499435425,65534,103,65431,205.0,1.0,5e-06,58.86056185606867,0.0,1789711061.7582142
80,2,5206204,0.3032064139842987,65534,191,65343,93.0,1.0,5e-06,59.005571140907705,0.0,1789711120.7643652
81,2,5271737,0.6269429326057434,65531,91,65440,255.0,1.0,5e-06,58.86312023270875,0.0,1789711179.6280348
82,2,5337272,0.3632124364376068,65533,92,65441,235.0,1.0,5e-06,58.85083278827369,0.0,1789711238.4794111
83,2,5402808,0.5595445930957794,65534,93,65441,354.0,1.0,5e-06,58.93718122690916,0.0,1789711297.4171436
84,2,5468343,0.46330758929252625,65533,149,65384,260.0,1.0,5e-06,58.769583228975534,0.0,1789711356.1873367
85,2,5533879,0.42909613251686096,65534,122,65412,134.0,1.0,5e-06,59.22068635793403,0.0,1789711415.4086468
86,2,5599413,0.41531795263290405,65532,95,65437,181.0,1.0,5e-06,59.547439112793654,0.0,1789711474.956735
87,2,5664946,0.4852256327867508,65531,108,65423,200.0,1.0,5e-06,59.148797751870006,0.0,1789711534.106082
88,2,5730482,0.36002781987190247,65534,120,65414,129.0,1.0,5e-06,58.93266643676907,0.0,1789711593.0392845
89,2,5796017,0.41236966848373413,65533,129,65404,161.0,1.0,5e-06,59.134054345078766,0.0,1789711652.1739182
90,2,5861553,0.39756178855895996,65534,146,65388,158.0,1.0,5e-06,59.14441947825253,0.0,1789711711.3189764
91,2,5927088,0.5458097755908966,65533,76,65457,251.0,1.0,5e-06,58.774024665821344,0.0,1789711770.0936012
92,2,5992624,0.4056571274995804,65534,119,65415,201.0,1.0,5e-06,58.73302585398778,0.0,1789711828.8271558
93,2,6054303,0.26470066606998444,61677,101,61576,117.5,1.0,5e-06,55.76653053984046,0.0,1789711884.5942461
94,2,6116384,0.4246945157647133,62079,114,61965,148.0,1.0,5e-06,55.92239521071315,0.0,1789711940.51719
95,2,6181920,0.3682100176811218,65534,52,65482,430.0,1.0,5e-06,58.56040683109313,0.0,1789711999.0781488
96,2,6247454,0.5410267859697342,65532,48,65484,470.0,1.0,5e-06,58.62270937021822,0.0,1789712057.7013845
97,2,6312989,0.32142680138349533,65533,61,65472,484.0,1.0,5e-06,58.56828402495012,0.0,1789712116.2702417
98,2,6378524,0.481626495718956,65533,37,65496,452.0,1.0,5e-06,58.35623891884461,0.0,1789712174.6270218
99,2,6444060,0.27566538751125336,65534,75,65459,167.0,1.0,5e-06,58.80340019799769,0.0,1789712233.4309945
100,2,6509596,0.2972346246242523,65534,68,65466,167.0,1.0,5e-06,58.53738320339471,0.0,1789712291.9689612
101,2,6575132,0.5254099071025848,65534,43,65491,536.0,1.0,5e-06,58.43035488994792,0.0,1789712350.3998685
102,2,6640667,0.3496959060430527,65533,53,65480,223.0,1.0,5e-06,58.54514754796401,0.0,1789712408.9456263
103,2,6706203,0.2990957051515579,65534,46,65488,274.0,1.0,5e-06,58.362198843155056,0.0,1789712467.3083727
104,2,6771738,0.5723029971122742,65533,32,65501,724.0,1.0,5e-06,58.344834024086595,0.0,1789712525.6537685
105,2,6837001,0.4046429395675659,65261,71,65190,278.0,1.0,5e-06,58.66184436716139,0.0,1789712584.3162036
106,2,6902035,0.31267210841178894,65032,73,64959,240.0,1.0,5e-06,58.30209229607135,0.0,1789712642.6188526
107,2,6967344,0.5451954305171967,65307,71,65236,256.0,1.0,5e-06,58.610660715959966,0.0,1789712701.2300649
108,2,7032765,0.6813572943210602,65419,173,65246,378.0,1.0,5e-06,58.51510515110567,0.0,1789712759.7457418
109,2,7098296,0.7974750995635986,65529,322,65207,326.0,1.0,5e-06,58.70652369596064,0.0,1789712818.4528484
110,2,7163830,0.7548478543758392,65532,355,65177,270.0,1.0,5e-06,58.75857909210026,0.0,1789712877.2120233
111,2,7229366,0.7524791061878204,65534,339,65195,322.0,1.0,5e-06,58.71386751299724,0.0,1789712935.926461
112,2,7292230,0.7214435040950775,62862,351,62511,232.0,1.0,5e-06,57.603580886963755,0.0,1789712993.5306115
113,2,7357344,0.7586244642734528,65112,210,64902,328.0,1.0,5e-06,58.44677596678957,0.0,1789713051.97797
114,2,7422880,0.9586463272571564,65534,149,65385,652.0,1.0,5e-06,58.57796221598983,0.0,1789713110.556482
115,2,7488413,0.8370409905910492,65531,162,65369,604.0,1.0,5e-06,58.7543113110587,0.0,1789713169.3113325
116,2,7553948,0.6481642723083496,65533,184,65349,338.0,1.0,5e-06,58.93000049330294,0.0,1789713228.2418828
117,2,7619484,0.6600440740585327,65534,187,65347,588.0,1.0,5e-06,58.78462912514806,0.0,1789713287.027064
118,2,7685019,0.7393856048583984,65533,140,65393,480.0,1.0,5e-06,58.55251084174961,0.0,1789713345.5801373
119,2,7750555,0.73268923163414,65534,148,65386,454.0,1.0,5e-06,58.59396088728681,0.0,1789713404.174679
120,2,7816090,0.8400223553180695,65533,182,65351,346.0,1.0,5e-06,58.78171971999109,0.0,1789713462.9569654
121,2,7881624,0.5542249083518982,65532,189,65343,215.0,1.0,5e-06,58.76847362704575,0.0,1789713521.7259903
122,2,7947159,0.700605183839798,65533,176,65357,250.0,1.0,5e-06,58.716377574019134,0.0,1789713580.4429247
123,2,8010391,0.7914698123931885,63230,183,63047,272.0,1.0,5e-06,56.17444873088971,0.0,1789713636.6179292
124,2,8066384,0.7115769982337952,55991,75,55916,968.0,1.0,5e-06,56.03988438192755,0.0,1789713692.658397
125,2,8131919,0.9631228446960449,65533,109,65424,688.0,1.0,5e-06,58.95694513991475,0.0,1789713751.6159286
126,2,8197455,0.8326675295829773,65534,53,65481,540.0,1.0,5e-06,59.057690052781254,0.0,1789713810.674217
127,2,8262989,0.5705493688583374,65532,84,65448,648.0,1.0,5e-06,59.05184637987986,0.0,1789713869.7266126
128,2,8327757,0.6442822515964508,64766,112,64654,442.0,1.0,5e-06,58.922217627987266,0.0,1789713928.6493897
129,2,8390266,0.6686832010746002,62507,75,62432,644.0,1.0,5e-06,55.2747513926588,0.0,1789713983.9247224
130,2,8452930,1.2176908254623413,62662,86,62576,596.0,1.0,5e-06,55.58617472695187,0.0,1789714039.5114899
131,2,8516383,1.1078639924526215,63451,71,63380,496.0,1.0,5e-06,56.73178994702175,0.0,1789714096.243876
132,2,8581918,0.9996432065963745,65533,35,65498,652.0,1.0,5e-06,58.32621007505804,0.0,1789714154.5706618
133,2,8647453,0.9246070981025696,65533,29,65504,1080.0,1.0,5e-06,58.50714254099876,0.0,1789714213.078368
134,2,8708192,0.9995101094245911,60737,35,60702,696.0,1.0,5e-06,56.894817950204015,0.0,1789714269.9737659
135,2,8773727,1.2991381883621216,65533,17,65516,1800.0,1.0,5e-06,58.20758860837668,0.0,1789714328.1818936
136,2,8839263,0.7793999314308167,65534,19,65515,502.0,1.0,5e-06,58.19549004686996,0.0,1789714386.3779702
137,2,8904799,1.1995150446891785,65534,16,65518,1096.0,1.0,5e-06,58.16890137968585,0.0,1789714444.5474534
138,2,8970334,0.8639359176158905,65533,18,65515,920.0,1.0,5e-06,58.19137268792838,0.0,1789714502.7394154
139,2,9035869,1.9159561395645142,65533,15,65518,2000.0,1.0,5e-06,58.20296739274636,0.0,1789714560.9429536
140,2,9101403,0.9302009344100952,65532,14,65518,960.0,1.0,5e-06,58.216252722777426,0.0,1789714619.1597435
141,2,9162146,0.8508523106575012,60741,20,60721,616.0,1.0,5e-06,53.453245433978736,0.0,1789714672.6135342
142,2,9216384,0.6533362716436386,54236,9,54227,274.0,1.0,5e-06,52.30216945288703,0.0,1789714724.916288
143,2,9281920,0.2652273625135422,65534,10,65524,184.0,1.0,5e-06,58.09385410603136,0.0,1789714783.0106692
144,2,9345499,1.9582860469818115,63577,8,63569,3520.0,1.0,5e-06,58.20622213277966,0.0,1789714841.217465
145,2,9407135,0.7556420415639877,61634,8,61626,1208.0,1.0,5e-06,53.21825934993103,0.0,1789714894.4363132
146,2,9469046,0.6656135767698288,61909,7,61902,1176.0,1.0,5e-06,53.4967094482854,0.0,1789714947.9335895
147,2,9532768,0.526619553565979,63720,28,63692,290.0,1.0,5e-06,58.21411364013329,0.0,1789715006.1482792
148,2,9596074,0.417464941740036,63304,63,63241,680.0,1.0,5e-06,56.6776252258569,0.0,1789715062.826463
149,2,9657343,0.2462092787027359,61267,43,61224,237.0,1.0,5e-06,58.150613429024816,0.0,1789715120.9776056
150,2,9722879,0.40503883361816406,65534,34,65500,312.0,1.0,5e-06,58.20350024709478,0.0,1789715179.1816397
151,2,9786998,0.38220345973968506,64117,42,64075,588.0,1.0,5e-06,58.39278082083911,0.0,1789715237.5749679
152,2,9850000,0.23607832193374634,63000,33,62967,208.0,1.0,5e-06,55.348489803727716,0.0,1789715292.924021
153,2,9909863,0.9676971361041069,59861,13,59848,1176.0,1.0,5e-06,51.29370150715113,0.0,1789715344.2182667
154,2,9969931,0.28443510830402374,60066,12,60054,274.0,1.0,5e-06,51.514595021959394,0.0,1789715395.733418
155,2,10033779,0.5183972120285034,63846,536,63310,218.0,1.0,5e-06,57.32366518303752,0.0,1789715453.0576408
156,2,10098607,0.4804896414279938,64826,860,63966,115.0,1.0,5e-06,57.93633314827457,0.0,1789715510.9945123
157,2,10163752,0.4754367172718048,65143,969,64174,75.0,1.0,5e-06,58.93445977428928,0.0,1789715569.9295194
158,2,10228652,0.4986988604068756,64898,1068,63830,76.0,1.0,5e-06,58.88937216764316,0.0,1789715628.819431
159,2,10293101,0.44364725053310394,64447,769,63678,78.0,1.0,5e-06,58.1758820367977,0.0,1789715686.9958825
160,2,10357106,0.42102769017219543,64003,932,63071,73.0,1.0,5e-06,57.30489176791161,0.0,1789715744.301354
161,2,10421444,0.4895818829536438,64336,901,63435,70.5,1.0,5e-06,58.42602120805532,0.0,1789715802.7279246
162,2,10486657,0.4404684901237488,65211,876,64335,44.0,1.0,5e-06,58.74096838897094,0.0,1789715861.469492
163,2,10550237,0.3702298104763031,63578,815,62763,71.0,1.0,5e-06,57.013727616053075,0.0,1789715918.4838245
164,2,10615650,0.4666852205991745,65411,994,64417,80.0,1.0,5e-06,58.66428595362231,0.0,1789715977.148693
165,2,10681057,0.4927680790424347,65405,796,64609,73.0,1.0,5e-06,58.82222983893007,0.0,1789716035.9714854
166,2,10746468,0.5274941921234131,65409,676,64733,100.0,1.0,5e-06,59.04469614382833,0.0,1789716095.0167704
167,2,10811214,0.4755474478006363,64744,985,63759,67.0,1.0,5e-06,58.31977890711278,0.0,1789716153.3371441
168,2,10876169,0.42623595893383026,64953,802,64151,61.75,1.0,5e-06,58.70821177819744,0.0,1789716212.0459294
169,2,10941629,0.45267488062381744,65458,1053,64405,80.0,1.0,5e-06,59.160046223085374,0.0,1789716271.2065654
170,2,11007044,0.4170437604188919,65413,927,64486,55.25,1.0,5e-06,59.01638808613643,0.0,1789716330.2235715
171,2,11071883,0.44967180490493774,64837,842,63995,154.0,1.0,5e-06,58.88818046217784,0.0,1789716389.1124506
172,2,11137075,0.43262287974357605,65190,746,64444,101.5,1.0,5e-06,58.50056037073955,0.0,1789716447.6135912
173,2,11202104,0.41759319603443146,65027,840,64187,85.0,1.0,5e-06,58.51435707695782,0.0,1789716506.1284838
174,2,11266324,0.45580747723579407,64218,834,63384,76.5,1.0,5e-06,57.2684833612293,0.0,1789716563.3975363
175,2,11331139,0.40192554891109467,64813,892,63921,71.5,1.0,5e-06,58.49029269674793,0.0,1789716621.8884633
176,2,11395935,0.3973691761493683,64794,1036,63758,56.5,1.0,5e-06,58.65744420699775,0.0,1789716680.5464852
177,2,11461398,0.40203991532325745,65461,1090,64371,50.25,1.0,5e-06,58.452973439358175,0.0,1789716739.000027
178,2,11526199,0.42131999135017395,64799,996,63803,46.75,1.0,5e-06,57.83939911890775,0.0,1789716796.8399928
179,2,11591508,0.4133895933628082,65307,884,64423,70.5,1.0,5e-06,58.672199910040945,0.0,1789716855.5127473
180,2,11656423,0.43738752603530884,64913,865,64048,62.5,1.0,5e-06,58.70554092293605,0.0,1789716914.2188365
181,2,11721380,0.4157680571079254,64955,893,64062,84.5,1.0,5e-06,58.45826427498832,0.0,1789716972.6776483
182,2,11786406,0.4756714701652527,65024,780,64244,102.5,1.0,5e-06,58.80466183787212,0.0,1789717031.4829123
183,2,11851340,0.47956062853336334,64932,824,64108,63.75,1.0,5e-06,58.425931775942445,0.0,1789717089.9094179
184,2,11916059,0.43543730676174164,64717,951,63766,50.75,1.0,5e-06,58.16715237405151,0.0,1789717148.0771294
185,2,11980859,0.4320877641439438,64798,982,63816,48.5,1.0,5e-06,58.58518638787791,0.0,1789717206.6628613
186,2,12044612,0.41523614525794983,63751,888,62863,46.0,1.0,5e-06,58.41133447596803,0.0,1789717265.074761
187,2,12109766,0.4557735174894333,65152,860,64292,64.5,1.0,5e-06,58.20765073085204,0.0,1789717323.2829807
188,2,12175116,0.4422585964202881,65348,870,64478,71.0,1.0,5e-06,58.77082012826577,0.0,1789717382.0543811
189,2,12239579,0.5196443200111389,64461,734,63727,108.5,1.0,5e-06,58.61037717200816,0.0,1789717440.6653514
190,2,12305030,0.501645028591156,65449,701,64748,73.5,1.0,5e-06,58.80583656206727,0.0,1789717499.4717839
191,2,12370047,0.4658341705799103,65015,898,64117,61.5,1.0,5e-06,58.81199401104823,0.0,1789717558.2843723
192,2,12435338,0.46485477685928345,65289,739,64550,65.0,1.0,5e-06,58.48662330210209,0.0,1789717616.7715707
193,2,12500244,0.4540126621723175,64904,781,64123,59.75,1.0,5e-06,57.99248735187575,0.0,1789717674.7646263
194,2,12565496,0.4065452069044113,65250,899,64351,70.0,1.0,5e-06,58.53172575775534,0.0,1789717733.2969122
195,2,12630671,0.42616839706897736,65173,861,64312,58.0,1.0,5e-06,59.13847712101415,0.0,1789717792.4360006
196,2,12695460,0.4509393274784088,64787,766,64021,99.0,1.0,5e-06,58.546360502019525,0.0,1789717850.98292
197,2,12760401,0.4741691052913666,64939,860,64079,80.0,1.0,5e-06,58.891629225574434,0.0,1789717909.8751001
198,2,12824942,0.4145320802927017,64539,760,63779,81.0,1.0,5e-06,58.61991276917979,0.0,1789717968.4955683
199,2,12889525,0.4206352233886719,64581,912,63669,76.0,1.0,5e-06,58.06119407527149,0.0,1789718026.557335
200,2,12954165,0.48418113589286804,64638,726,63912,74.0,1.0,5e-06,57.71165507193655,0.0,1789718084.2695494
201,2,13019307,0.4472281187772751,65140,906,64234,59.25,1.0,5e-06,58.837278129998595,0.0,1789718143.1074114
202,2,13084376,0.43030571937561035,65067,807,64260,79.0,1.0,5e-06,58.62064882880077,0.0,1789718201.728668
203,2,13149789,0.4262099415063858,65411,693,64718,57.5,1.0,5e-06,58.698537225369364,0.0,1789718260.4278002
204,2,13215154,0.4242938309907913,65363,960,64403,57.25,1.0,5e-06,58.79470306681469,0.0,1789718319.2230818
205,2,13280222,0.42549508810043335,65066,839,64227,54.25,1.0,5e-06,58.257378060836345,0.0,1789718377.4810045
206,2,13345646,0.4042113721370697,65422,1016,64406,57.5,1.0,5e-06,59.07903461297974,0.0,1789718436.560662
207,2,13410921,0.41536132991313934,65273,901,64372,52.0,1.0,5e-06,59.47542642522603,0.0,1789718496.0366888
208,2,13475449,0.4204863905906677,64526,886,63640,53.5,1.0,5e-06,58.32546113571152,0.0,1789718554.3627238
209,2,13540549,0.39802634716033936,65098,995,64103,50.75,1.0,5e-06,58.36671476997435,0.0,1789718612.7300277
210,2,13605924,0.3790012300014496,65373,1071,64302,53.0,1.0,5e-06,58.76287681609392,0.0,1789718671.4935346
211,2,13671034,0.39186355471611023,65108,846,64262,72.0,1.0,5e-06,58.52507989201695,0.0,1789718730.0191774
212,2,13734987,0.3640502393245697,63951,885,63066,57.75,1.0,5e-06,57.04024570900947,0.0,1789718787.0600228
213,2,13799898,0.3416793793439865,64909,1029,63880,41.75,1.0,5e-06,58.423618021886796,0.0,1789718845.4842052
214,2,13865111,0.4176345765590668,65211,962,64249,77.0,1.0,5e-06,58.70123864617199,0.0,1789718904.1860073
215,2,13930463,0.4047430455684662,65350,846,64504,79.5,1.0,5e-06,58.79805621225387,0.0,1789718962.9846232
216,2,13995741,0.40353207290172577,65276,794,64482,87.5,1.0,5e-06,58.487791740335524,0.0,1789719021.4729912
217,2,14060910,0.4312029927968979,65167,973,64194,64.5,1.0,5e-06,58.65367293730378,0.0,1789719080.1272526
218,2,14124970,0.3863179385662079,64058,958,63100,49.75,1.0,5e-06,56.96944682486355,0.0,1789719137.097261
219,2,14190207,0.37332192063331604,65235,910,64325,59.75,1.0,5e-06,58.551427179947495,0.0,1789719195.6492364
220,2,14255088,0.42679463326931,64879,1041,63838,88.0,1.0,5e-06,59.02937655989081,0.0,1789719254.6792133
221,2,14320266,0.42885370552539825,65176,822,64354,61.25,1.0,5e-06,58.49133710609749,0.0,1789719313.1711395
222,2,14384877,0.3517163246870041,64609,819,63790,55.25,1.0,5e-06,58.27427179599181,0.0,1789719371.4459796
223,2,14449856,0.42168499529361725,64977,749,64228,51.5,1.0,5e-06,58.77861319994554,0.0,1789719430.2251854
224,2,14514703,0.4171934723854065,64845,892,63953,59.25,1.0,5e-06,59.02082898002118,0.0,1789719489.2466238
225,2,14579779,0.4234413504600525,65074,879,64195,69.0,1.0,5e-06,58.22360001131892,0.0,1789719547.4708273
226,2,14644619,0.4267169088125229,64838,938,63900,39.25,1.0,5e-06,58.92861596727744,0.0,1789719606.4000156
227,2,14709392,0.43570639193058014,64771,806,63965,71.0,1.0,5e-06,58.47716240910813,0.0,1789719664.8777742
228,2,14773819,0.4287570118904114,64425,798,63627,64.5,1.0,5e-06,58.44993855198845,0.0,1789719723.3283074
229,2,14838298,0.4426908940076828,64477,846,63631,62.25,1.0,5e-06,58.59276532800868,0.0,1789719781.9217048
230,2,14903446,0.36900269985198975,65146,1042,64104,41.0,1.0,5e-06,58.229849034920335,0.0,1789719840.152114
231,2,14968340,0.4190967082977295,64892,963,63929,67.0,1.0,5e-06,58.0229753004387,0.0,1789719898.1756666
232,2,15032355,0.4441172629594803,64013,962,63051,67.0,1.0,5e-06,56.800434114877135,0.0,1789719954.976729
233,2,15096674,0.5007650554180145,64317,1017,63300,78.5,1.0,5e-06,57.704616806004196,0.0,1789720012.6819253
234,2,15161333,0.42952361702919006,64657,749,63908,59.5,1.0,5e-06,58.410965538118035,0.0,1789720071.0934765
235,2,15224437,0.39480629563331604,63102,944,62158,93.5,1.0,5e-06,56.93301220284775,0.0,1789720128.0270634
236,2,15289703,0.35192421078681946,65264,906,64358,52.75,1.0,5e-06,58.77402581879869,0.0,1789720186.8016863
237,2,15354529,0.4032991975545883,64824,1154,63670,49.0,1.0,5e-06,57.78294325200841,0.0,1789720244.585192
238,2,15419960,0.49088501930236816,65429,870,64559,65.5,1.0,5e-06,58.92272876575589,0.0,1789720303.508502
239,2,15485322,0.40657833218574524,65360,951,64409,101.5,1.0,5e-06,58.78913510637358,0.0,1789720362.2982035
240,2,15549893,0.4033472537994385,64569,930,63639,53.0,1.0,5e-06,58.34256013482809,0.0,1789720420.6413212
241,2,15615364,0.40387964248657227,65469,939,64530,49.5,1.0,5e-06,58.77928506070748,0.0,1789720479.4211953
242,2,15680665,0.35969945788383484,65299,840,64459,61.25,1.0,5e-06,58.429906914010644,0.0,1789720537.8517108
243,2,15746061,0.3800737112760544,65394,928,64466,70.5,1.0,5e-06,58.675785020925105,0.0,1789720596.5280795
244,2,15811073,0.4123343974351883,65010,765,64245,44.75,1.0,5e-06,58.40466298395768,0.0,1789720654.933331
245,2,15876214,0.3630685955286026,65139,1048,64091,41.0,1.0,5e-06,59.045455620158464,0.0,1789720713.979425
246,2,15940925,0.38957297801971436,64709,1068,63641,88.0,1.0,5e-06,58.244956403039396,0.0,1789720772.2249832
247,2,16006363,0.4346221536397934,65436,791,64645,89.0,1.0,5e-06,59.079103608150035,0.0,1789720831.3046563
248,2,16071270,0.39056195318698883,64905,1022,63883,65.0,1.0,5e-06,58.75112372590229,0.0,1789720890.05641
249,2,16136605,0.38122621178627014,65333,853,64480,55.75,1.0,5e-06,58.98145102895796,0.0,1789720949.0384533
250,2,16201265,0.39846770465373993,64658,973,63685,70.0,1.0,5e-06,58.15139734139666,209.52231427794322,1789721216.7130582
251,2,16265616,0.4399820864200592,64349,842,63507,75.5,1.0,5e-06,57.100206770934165,0.0,1789721273.8148503
252,2,16330474,0.371084988117218,64856,872,63984,59.75,1.0,5e-06,58.01181569509208,0.0,1789721331.8273191
253,2,16395136,0.33978649973869324,64660,948,63712,50.75,1.0,5e-06,58.51162825990468,0.0,1789721390.339535
254,2,16460372,0.3888956755399704,65234,893,64341,58.5,1.0,5e-06,58.28486599819735,0.0,1789721448.625
255,2,16524952,0.3877886235713959,64578,906,63672,89.0,1.0,5e-06,58.08555170800537,0.0,1789721506.711128
256,2,16589875,0.3714562803506851,64921,1015,63906,67.0,1.0,5e-06,57.84052228182554,0.0,1789721564.5522451
257,2,16655037,0.38293664157390594,65160,890,64270,51.5,1.0,5e-06,58.5001635029912,0.0,1789721623.05298
258,2,16720292,0.4468071013689041,65253,1082,64171,46.0,1.0,5e-06,58.7605642429553,0.0,1789721681.814157
259,2,16784549,0.44264036417007446,64255,974,63281,57.25,1.0,5e-06,57.948256090283394,0.0,1789721739.7629762
260,2,16849276,0.43377685546875,64725,931,63794,61.25,1.0,5e-06,58.42902977112681,0.0,1789721798.192621
261,2,16913755,0.373425617814064,64477,918,63559,37.25,1.0,5e-06,57.67023879894987,0.0,1789721855.8635368
262,2,16979015,0.4181080311536789,65258,989,64269,68.0,1.0,5e-06,58.587618975900114,0.0,1789721914.4517078
263,2,17044198,0.3944604992866516,65181,923,64258,104.0,1.0,5e-06,58.44246393209323,0.0,1789721972.8947177
264,2,17107727,0.4720749855041504,63527,860,62667,57.75,1.0,5e-06,56.80159844877198,0.0,1789722029.6968825
265,2,17172855,0.4225543886423111,65126,942,64184,48.5,1.0,5e-06,58.3799605211243,0.0,1789722088.0773952
266,2,17238320,0.5180179476737976,65463,881,64582,60.25,1.0,5e-06,58.83813664969057,0.0,1789722146.916119
267,2,17303762,0.45064088702201843,65440,714,64726,59.5,1.0,5e-06,58.77094736415893,0.0,1789722205.68765
268,2,17368158,0.44702884554862976,64394,851,63543,50.0,1.0,5e-06,58.222897668834776,0.0,1789722263.9111013
269,2,17433249,0.38801343739032745,65089,807,64282,76.5,1.0,5e-06,58.46534340688959,0.0,1789722322.376985
270,2,17498201,0.4290304034948349,64950,734,64216,71.5,1.0,5e-06,58.11045433115214,0.0,1789722380.488014
271,2,17562793,0.5092546790838242,64590,739,63851,103.0,1.0,5e-06,57.97612116113305,0.0,1789722438.4647071
272,2,17627348,0.4367966800928116,64553,869,63684,78.5,1.0,5e-06,57.69527260493487,0.0,1789722496.1605299
273,2,17692108,0.43793216347694397,64758,909,63849,92.5,1.0,5e-06,58.209804435726255,0.0,1789722554.37091
274,2,17757175,0.45496393740177155,65065,914,64151,69.0,1.0,5e-06,58.85829782206565,0.0,1789722613.229789
275,2,17822180,0.45077522099018097,65003,928,64075,79.5,1.0,5e-06,58.17420885479078,0.0,1789722671.4046037
276,2,17887169,0.46980611979961395,64987,912,64075,80.0,1.0,5e-06,58.259332734160125,0.0,1789722729.6645324
277,2,17952429,0.41099050641059875,65258,803,64455,70.0,1.0,5e-06,58.580150736961514,0.0,1789722788.245274
278,2,18016753,0.3669689893722534,64322,1401,62921,52.5,1.0,5e-06,57.1068450268358,0.0,1789722845.3526692
279,2,18081874,0.3542133569717407,65119,1162,63957,43.75,1.0,5e-06,58.37591386400163,0.0,1789722903.72918
280,2,18146688,0.3410723805427551,64812,1237,63575,40.0,1.0,5e-06,58.66542414110154,0.0,1789722962.3951957
281,2,18211194,0.34645313024520874,64504,1272,63232,45.0,1.0,5e-06,58.438999926205724,0.0,1789723020.834804
282,2,18276245,0.3754858374595642,65049,1063,63986,55.75,1.0,5e-06,59.066648645326495,0.0,1789723079.9020562
283,2,18341090,0.34377241134643555,64843,1086,63757,60.5,1.0,5e-06,58.334724058397114,0.0,1789723138.2373896
284,2,18405974,0.38416247069835663,64882,1127,63755,78.0,1.0,5e-06,58.69430772494525,0.0,1789723196.932317
285,2,18471322,0.3956301361322403,65346,1024,64322,51.25,1.0,5e-06,58.950993502978235,0.0,1789723255.883931
286,2,18536300,0.3694947361946106,64976,1156,63820,51.0,1.0,5e-06,58.71218636492267,0.0,1789723314.5966933
287,2,18601086,0.3361060470342636,64784,1126,63658,34.25,1.0,5e-06,58.29034007806331,0.0,1789723372.887603
288,2,18665629,0.37968848645687103,64541,969,63572,54.5,1.0,5e-06,58.44166419189423,0.0,1789723431.3298244
289,2,18730753,0.36858931183815,65122,962,64160,35.0,1.0,5e-06,58.42651361878961,0.0,1789723489.7569034
290,2,18795879,0.3852201998233795,65124,973,64151,46.75,1.0,5e-06,58.43426068732515,0.0,1789723548.1917295
291,2,18859593,0.35855525732040405,63712,1079,62633,52.75,1.0,5e-06,56.670871548354626,0.0,1789723604.8631856
292,2,18924226,0.32526643574237823,64631,1110,63521,47.25,1.0,5e-06,58.06947169313207,0.0,1789723662.9332228
293,2,18989754,0.36943089962005615,65526,1110,64416,41.75,1.0,5e-06,58.60910379188135,0.0,1789723721.5429232
294,2,19053576,0.35156166553497314,63820,1189,62631,54.25,1.0,5e-06,58.14395918510854,0.0,1789723779.6874812
295,2,19118233,0.3867838829755783,64655,1226,63429,54.75,1.0,5e-06,58.67590192472562,0.0,1789723838.3639712
296,2,19183407,0.39117324352264404,65172,931,64241,37.5,1.0,5e-06,58.40248487563804,0.0,1789723896.767026
297,2,19248501,0.32300910353660583,65092,1262,63830,45.75,1.0,5e-06,58.493259167764336,0.0,1789723955.2608595
298,2,19313924,0.3105167746543884,65421,1078,64343,41.75,1.0,5e-06,58.797853235621005,0.0,1789724014.0593188
299,2,19378116,0.34629255533218384,64190,943,63247,54.75,1.0,5e-06,57.215230664703995,0.0,1789724071.2751505
300,2,19442572,0.3520837724208832,64454,1109,63345,51.75,1.0,5e-06,58.46320019336417,0.0,1789724129.7389383
301,2,19506207,0.32873082160949707,63633,1264,62369,51.5,1.0,5e-06,58.25228958809748,0.0,1789724187.991821
302,2,19571105,0.3656546026468277,64896,1087,63809,52.5,1.0,5e-06,58.413111249916255,0.0,1789724246.4054902
303,2,19636337,0.36912107467651367,65230,900,64330,48.5,1.0,5e-06,58.710876839235425,0.0,1789724305.1169012
304,2,19701649,0.30259521305561066,65310,1211,64099,45.25,1.0,5e-06,58.48797516990453,0.0,1789724363.605437
305,2,19767131,0.37141360342502594,65480,1135,64345,40.0,1.0,5e-06,58.56522007379681,0.0,1789724422.1712556
306,2,19832454,0.3689992278814316,65321,1180,64141,49.5,1.0,5e-06,58.47556885378435,0.0,1789724480.6474097
307,2,19897666,0.3935457319021225,65210,1054,64156,47.0,1.0,5e-06,58.39450458670035,0.0,1789724539.0424984
308,2,19962959,0.3484443128108978,65291,1483,63808,39.25,1.0,5e-06,58.7622708552517,0.0,1789724597.8053434
309,2,20028205,0.32075390219688416,65244,1486,63758,40.0,1.0,5e-06,58.56375826103613,0.0,1789724656.3696575
310,2,20093356,0.3507232069969177,65149,1257,63892,40.0,1.0,5e-06,58.29356003785506,0.0,1789724714.6638117
311,2,20157993,0.3291622996330261,64635,1363,63272,38.0,1.0,5e-06,57.697091965936124,0.0,1789724772.3614957
312,2,20222499,0.37401100993156433,64504,940,63564,78.0,1.0,5e-06,58.317644310649484,0.0,1789724830.6797233
313,2,20287951,0.31528240442276,65450,1162,64288,36.0,1.0,5e-06,58.46081880107522,0.0,1789724889.1410975
314,2,20353321,0.3441893607378006,65368,1109,64259,39.25,1.0,5e-06,58.43095005257055,0.0,1789724947.5726314
315,2,20418517,0.3711530566215515,65194,1031,64163,50.0,1.0,5e-06,58.674586579203606,0.0,1789725006.2478182
316,2,20483105,0.32582472264766693,64586,1117,63469,54.5,1.0,5e-06,58.61174892541021,0.0,1789725064.8601646
317,2,20548372,0.40122801065444946,65265,1352,63913,47.0,1.0,5e-06,58.49752753181383,0.0,1789725123.3582954
318,2,20613429,0.4106687307357788,65055,1128,63927,60.25,1.0,5e-06,58.092238646931946,0.0,1789725181.451116
319,2,20678858,0.3458951413631439,65427,1110,64317,63.0,1.0,5e-06,58.51556072337553,0.0,1789725239.967269
320,2,20743053,0.34700995683670044,64193,1260,62933,49.75,1.0,5e-06,58.077215262688696,0.0,1789725298.0451083
321,2,20807631,0.3677665591239929,64576,1278,63298,51.5,1.0,5e-06,58.770409991033375,0.0,1789725356.8161297
322,2,20872937,0.3666894733905792,65304,1215,64089,50.0,1.0,5e-06,58.643568684346974,0.0,1789725415.4602916
323,2,20938364,0.33037397265434265,65425,1361,64064,35.75,1.0,5e-06,59.057570226024836,0.0,1789725474.518489
324,2,21001269,0.36136874556541443,62903,1107,61796,45.75,1.0,5e-06,56.59663955774158,0.0,1789725531.1157107
325,2,21066504,0.3481852263212204,65233,1257,63976,58.25,1.0,5e-06,58.633354999125004,0.0,1789725589.7496378
326,2,21131893,0.34379979968070984,65387,898,64489,46.25,1.0,5e-06,58.61426381394267,0.0,1789725648.3644931
327,2,21196563,0.34781351685523987,64668,1163,63505,81.5,1.0,5e-06,57.694277863018215,0.0,1789725706.0593672
328,2,21261981,0.2989620268344879,65416,1452,63964,40.25,1.0,5e-06,58.75954193295911,0.0,1789725764.819493
329,2,21327314,0.2948201447725296,65331,1478,63853,43.0,1.0,5e-06,58.63669197075069,0.0,1789725823.4567585
330,2,21392616,0.3141819089651108,65300,1522,63778,52.75,1.0,5e-06,58.538872067816556,0.0,1789725881.996184
331,2,21457069,0.3234344720840454,64451,1580,62871,41.0,1.0,5e-06,58.64395798603073,0.0,1789725940.6407197
332,2,21522403,0.33373743295669556,65332,1441,63891,47.25,1.0,5e-06,58.564019069075584,0.0,1789725999.2053008
333,2,21587469,0.3358214944601059,65064,1608,63456,38.25,1.0,5e-06,59.09017132502049,0.0,1789726058.2960353
334,2,21652834,0.31645166873931885,65363,1616,63747,54.75,1.0,5e-06,58.61110631329939,0.0,1789726116.9077196
335,2,21717751,0.3387627601623535,64915,1525,63390,40.75,1.0,5e-06,58.440748712047935,0.0,1789726175.3490303
336,2,21783091,0.27332693338394165,65338,1464,63874,36.25,1.0,5e-06,58.57161520188674,0.0,1789726233.9212081
337,2,21848215,0.30994386970996857,65122,1432,63690,37.25,1.0,5e-06,58.57509812898934,0.0,1789726292.4969115
338,2,21913482,0.3442736566066742,65265,1564,63701,37.5,1.0,5e-06,58.55887704715133,0.0,1789726351.0563853
339,2,21978795,0.28784002363681793,65311,1362,63949,38.0,1.0,5e-06,58.725837890058756,0.0,1789726409.7828248
340,2,22044003,0.31777970492839813,65206,1657,63549,39.5,1.0,5e-06,58.619536282029,0.0,1789726468.4029648
341,2,22108999,0.2993403673171997,64994,1510,63484,34.25,1.0,5e-06,58.50888133374974,0.0,1789726526.9124343
342,2,22173129,0.2956431210041046,64128,1774,62354,30.375,1.0,5e-06,57.69574214098975,0.0,1789726584.6087465
343,2,22238549,0.28725574910640717,65418,1626,63792,30.0,1.0,5e-06,58.80295555992052,0.0,1789726643.4122517
344,2,22303959,0.3352992385625839,65408,1484,63924,38.25,1.0,5e-06,58.77551523596048,0.0,1789726702.1883545
345,2,22368548,0.277442142367363,64587,1572,63015,33.75,1.0,5e-06,58.02012377139181,0.0,1789726760.2090557
346,2,22433737,0.3394314646720886,65187,1655,63532,33.25,1.0,5e-06,58.6736158169806,0.0,1789726818.883249
347,2,22498324,0.32041022181510925,64585,1578,63007,45.75,1.0,5e-06,58.16365896211937,0.0,1789726877.0474803
348,2,22563711,0.3317892849445343,65385,1343,64042,36.75,1.0,5e-06,58.52292997902259,0.0,1789726935.5709682
349,2,22628848,0.27897223830223083,65135,1524,63611,38.5,1.0,5e-06,58.353581278119236,0.0,1789726993.9250965
350,2,22694299,0.3313796818256378,65449,1471,63978,48.0,1.0,5e-06,58.75117031065747,0.0,1789727052.6768472
351,2,22759538,0.30275219678878784,65237,1651,63586,28.5,1.0,5e-06,58.81042468268424,0.0,1789727111.4878566
352,2,22824671,0.29513196647167206,65131,1717,63414,28.5,1.0,5e-06,58.59985596919432,0.0,1789727170.0883052
353,2,22890156,0.3045548349618912,65483,1827,63656,40.25,1.0,5e-06,58.82427466614172,0.0,1789727228.913187
354,2,22955256,0.26365944743156433,65098,1660,63438,27.125,1.0,5e-06,58.52975594205782,0.0,1789727287.4435048
355,2,23019354,0.2593969404697418,64096,1722,62374,26.25,1.0,5e-06,59.11885648779571,0.0,1789727346.5629349
356,2,23084757,0.29732465744018555,65401,1483,63918,41.25,1.0,5e-06,58.70814940426499,0.0,1789727405.271701
357,2,23149866,0.29011228680610657,65107,1629,63478,37.0,1.0,5e-06,58.42575824679807,0.0,1789727463.6980357
358,2,23214801,0.2797931730747223,64933,1660,63273,29.5,1.0,5e-06,58.0991784799844,0.0,1789727521.797801
359,2,23280122,0.279895156621933,65319,1636,63683,30.0,1.0,5e-06,58.934098712168634,0.0,1789727580.732491
360,2,23344591,0.2925293892621994,64467,1523,62944,42.0,1.0,5e-06,58.824315388221294,0.0,1789727639.557403
361,2,23410018,0.292460098862648,65425,1704,63721,41.25,1.0,5e-06,59.1833265167661,0.0,1789727698.741301
362,2,23475457,0.3339894711971283,65437,1559,63878,53.0,1.0,5e-06,58.992896048817784,0.0,1789727757.7348022
363,2,23540849,0.3478389382362366,65390,1445,63945,43.0,1.0,5e-06,59.024012576788664,0.0,1789727816.7594619
364,2,23606100,0.2998614013195038,65249,1474,63775,60.25,1.0,5e-06,58.673306873999536,0.0,1789727875.4333477
365,2,23671548,0.32622528076171875,65446,1742,63704,57.5,1.0,5e-06,58.7930137780495,0.0,1789727934.2269201
366,2,23736878,0.2922813445329666,65328,1614,63714,42.0,1.0,5e-06,58.744892524089664,0.0,1789727992.9724035
367,2,23800726,0.2830921858549118,63846,1256,62590,40.75,1.0,5e-06,56.62727857520804,0.0,1789728049.6002793
368,2,23865573,0.32966428995132446,64845,1417,63428,50.25,1.0,5e-06,58.777186535764486,0.0,1789728108.3780024
369,2,23927399,0.270034059882164,61824,1625,60199,35.0,1.0,5e-06,55.387389429844916,0.0,1789728163.7659125
370,2,23992835,0.2978583350777626,65434,1333,64101,36.25,1.0,5e-06,58.706381033174694,0.0,1789728222.4728932
371,2,24058023,0.30319683253765106,65186,2010,63176,39.75,1.0,5e-06,58.15446785558015,0.0,1789728280.6279309
372,2,24123350,0.304641455411911,65325,1474,63851,48.5,1.0,5e-06,58.798373501282185,0.0,1789728339.426863
373,2,24188732,0.32183562219142914,65380,1407,63973,40.25,1.0,5e-06,58.75148762902245,0.0,1789728398.1789618
374,2,24253699,0.3363014757633209,64965,1516,63449,45.25,1.0,5e-06,58.30121627962217,0.0,1789728456.4807532
375,2,24317220,0.2976081520318985,63519,1085,62434,53.25,1.0,5e-06,58.853618756402284,0.0,1789728515.3349469
376,2,24382519,0.3074916899204254,65297,1559,63738,35.0,1.0,5e-06,58.45046549523249,0.0,1789728573.7859883
377,2,24447549,0.26649893820285797,65028,1346,63682,28.375,1.0,5e-06,58.28062364179641,0.0,1789728632.0671966
378,2,24512686,0.3181505799293518,65135,1328,63807,39.0,1.0,5e-06,58.51496895682067,0.0,1789728690.582739
379,2,24578070,0.30553050339221954,65382,1679,63703,36.5,1.0,5e-06,58.80902382778004,0.0,1789728749.3923647
380,2,24642459,0.32129091024398804,64387,1389,62998,39.75,1.0,5e-06,58.08906715316698,0.0,1789728807.4820042
381,2,24707559,0.29413262009620667,65098,1512,63586,44.75,1.0,5e-06,58.6039460641332,0.0,1789728866.0865035
382,2,24772983,0.3132392019033432,65422,1603,63819,36.75,1.0,5e-06,58.70185949699953,0.0,1789728924.7889562
383,2,24837238,0.2904580533504486,64253,1525,62728,32.25,1.0,5e-06,58.34717675112188,0.0,1789728983.1366925
384,2,24902084,0.30428388714790344,64844,1528,63316,50.25,1.0,5e-06,58.63348328694701,0.0,1789729041.7707367
385,2,24967238,0.2885185182094574,65152,1467,63685,42.0,1.0,5e-06,58.70431844238192,0.0,1789729100.4756331
386,2,25031860,0.3137953579425812,64620,1457,63163,48.0,1.0,5e-06,58.24110624101013,0.0,1789729158.7173467
387,2,25097163,0.31380055844783783,65301,1377,63924,36.0,1.0,5e-06,58.6310664312914,0.0,1789729217.3489788
388,2,25162654,0.30290618538856506,65489,1291,64198,35.0,1.0,5e-06,58.70408420264721,0.0,1789729276.0536406
389,2,25226137,0.3166135847568512,63481,1361,62120,50.0,1.0,5e-06,56.836353939026594,0.0,1789729332.8905735
390,2,25290768,0.3236091136932373,64629,1347,63282,54.25,1.0,5e-06,58.647786585148424,0.0,1789729391.5389917
391,2,25355890,0.29569414258003235,65120,1822,63298,30.625,1.0,5e-06,58.76897377613932,0.0,1789729450.308594
392,2,25421263,0.3120061457157135,65371,1402,63969,44.5,1.0,5e-06,58.52506824210286,0.0,1789729508.834223
393,2,25486726,0.29945099353790283,65461,1463,63998,42.75,1.0,5e-06,58.55638387706131,0.0,1789729567.3912003
394,2,25551397,0.31036731600761414,64669,1453,63216,59.25,1.0,5e-06,58.603742407634854,0.0,1789729625.9955468
395,2,25616603,0.29560357332229614,65204,1449,63755,36.0,1.0,5e-06,58.33086244901642,0.0,1789729684.3269892
396,2,25681230,0.32985706627368927,64625,1474,63151,34.0,1.0,5e-06,58.41144878184423,0.0,1789729742.7390094
397,2,25745616,0.31756922602653503,64384,1528,62856,36.0,1.0,5e-06,58.38579119136557,0.0,1789729801.125436
398,2,25810102,0.2765713036060333,64484,1678,62806,33.25,1.0,5e-06,58.85897947335616,0.0,1789729859.984998
399,2,25874518,0.33754950761795044,64414,1416,62998,44.25,1.0,5e-06,59.051363677717745,0.0,1789729919.0369525
400,2,25939149,0.29631200432777405,64629,1386,63243,50.0,1.0,5e-06,59.15125287882984,0.0,1789729978.1887949
401,2,26004460,0.3219636529684067,65309,1535,63774,51.25,1.0,5e-06,58.92761672800407,0.0,1789730037.1170197
402,2,26069858,0.31787897646427155,65396,1367,64029,40.75,1.0,5e-06,59.09755099378526,0.0,1789730096.2151566
403,2,26133870,0.2693992108106613,64010,1383,62627,39.75,1.0,5e-06,56.80549346609041,0.0,1789730153.0212162
404,2,26198174,0.2864477187395096,64302,1506,62796,33.75,1.0,5e-06,58.17273304006085,0.0,1789730211.1945355
405,2,26263018,0.28491905331611633,64842,1501,63341,33.5,1.0,5e-06,58.38437526207417,0.0,1789730269.5795126
406,2,26326778,0.28843050450086594,63758,1612,62146,44.75,1.0,5e-06,56.77317792316899,0.0,1789730326.3532858
407,2,26391605,0.31764528155326843,64825,1432,63393,35.5,1.0,5e-06,58.16642408631742,0.0,1789730384.5202777
408,2,26456941,0.3198461979627609,65334,1584,63750,36.5,1.0,5e-06,58.638800982851535,0.0,1789730443.1596625
409,2,26522310,0.2706529349088669,65367,1577,63790,31.875,1.0,5e-06,58.59545375406742,0.0,1789730501.755709
410,2,26587613,0.31035900115966797,65301,1526,63775,36.0,1.0,5e-06,58.58796522999182,0.0,1789730560.3442302
411,2,26652861,0.32439157366752625,65246,1580,63666,42.75,1.0,5e-06,58.50110271992162,0.0,1789730618.8459408
412,2,26717959,0.3361428678035736,65096,1368,63728,40.75,1.0,5e-06,58.276996994856745,0.0,1789730677.123504
413,2,26782736,0.2614770978689194,64775,1242,63533,29.0,1.0,5e-06,58.07933186087757,0.0,1789730735.2034125
414,2,26848096,0.33291053771972656,65358,1458,63900,54.75,1.0,5e-06,58.65575670171529,0.0,1789730793.8597414
415,2,26913194,0.31921547651290894,65096,1489,63607,50.75,1.0,5e-06,58.60016009490937,0.0,1789730852.4604833
416,2,26978629,0.32633280754089355,65433,1607,63826,40.0,1.0,5e-06,58.79208406340331,0.0,1789730911.2531357
417,2,27043831,0.2540133148431778,65200,1269,63931,34.0,1.0,5e-06,58.366793528199196,0.0,1789730969.6204805
418,2,27109210,0.3059939742088318,65377,1606,63771,43.0,1.0,5e-06,58.77331204013899,0.0,1789731028.3943415
419,2,27174594,0.31579235196113586,65382,1408,63974,48.0,1.0,5e-06,58.726571096107364,0.0,1789731087.1215274
420,2,27238843,0.315016970038414,64247,1395,62852,41.0,1.0,5e-06,58.55966955376789,0.0,1789731145.6817937
421,2,27303646,0.3237793743610382,64801,1677,63124,40.25,1.0,5e-06,58.800186324398965,0.0,1789731204.482548
422,2,27368849,0.25145113468170166,65201,1372,63829,34.5,1.0,5e-06,58.40610374091193,0.0,1789731262.8892424
423,2,27434142,0.30262725055217743,65291,1653,63638,45.0,1.0,5e-06,58.49740189919248,0.0,1789731321.3871944
424,2,27499596,0.27008961141109467,65452,1781,63671,34.5,1.0,5e-06,58.539566663559526,0.0,1789731379.9273374
425,2,27564388,0.3059767186641693,64790,1489,63301,28.0,1.0,5e-06,58.54247424099594,0.0,1789731438.4704015
426,2,27628544,0.3031688779592514,64154,1337,62817,30.625,1.0,5e-06,58.34249432524666,0.0,1789731496.8134987
427,2,27692301,0.31239283084869385,63755,1575,62180,34.75,1.0,5e-06,58.96675663581118,0.0,1789731555.780766
428,2,27757706,0.2597985416650772,65403,1595,63808,29.125,1.0,5e-06,58.749940479174256,0.0,1789731614.5312045
429,2,27823051,0.3236483931541443,65343,1607,63736,36.0,1.0,5e-06,58.60718585597351,0.0,1789731673.138977
430,2,27887668,0.32142552733421326,64615,1692,62923,48.75,1.0,5e-06,58.48933514673263,0.0,1789731731.6288693
431,2,27951452,0.26411113142967224,63782,1406,62376,37.5,1.0,5e-06,58.845090394839644,0.0,1789731790.474529
432,2,28015977,0.2827584594488144,64523,1374,63149,31.75,1.0,5e-06,58.412784594111145,0.0,1789731848.8878932
433,2,28080773,0.2884984612464905,64794,1510,63284,36.5,1.0,5e-06,58.36007967405021,0.0,1789731907.2485456
434,2,28145963,0.2785802036523819,65188,1426,63762,28.625,1.0,5e-06,58.31540342466906,0.0,1789731965.5645022
435,2,28211159,0.29136234521865845,65194,1663,63531,40.5,1.0,5e-06,58.42733441432938,0.0,1789732023.9924142
436,2,28276434,0.30307242274284363,65273,1661,63612,49.25,1.0,5e-06,58.78962791990489,0.0,1789732082.78264
437,2,28341856,0.274375319480896,65420,1472,63948,24.0,1.0,5e-06,58.74305188795552,0.0,1789732141.5262718
438,2,28407094,0.2966751307249069,65236,1663,63573,40.5,1.0,5e-06,58.656152265146375,0.0,1789732200.1830242
439,2,28472340,0.3100939244031906,65244,1494,63750,51.5,1.0,5e-06,59.19569593761116,0.0,1789732259.3793225
440,2,28537476,0.33657294511795044,65134,1491,63643,41.75,1.0,5e-06,58.6772715090774,0.0,1789732318.0571458
441,2,28602980,0.37327395379543304,65502,1607,63895,52.0,1.0,5e-06,59.008641549851745,0.0,1789732377.0663624
442,2,28668394,0.36242371797561646,65412,1729,63683,73.0,1.0,5e-06,58.81796828005463,0.0,1789732435.884884
443,2,28733743,0.36497750878334045,65347,1627,63720,47.0,1.0,5e-06,58.842340094037354,0.0,1789732494.7278254
444,2,28799208,0.35750362277030945,65463,1574,63889,45.75,1.0,5e-06,58.8768152478151,0.0,1789732553.6052358
445,2,28864692,0.3700368404388428,65482,1711,63771,41.5,1.0,5e-06,58.90354034071788,0.0,1789732612.50936
446,2,28930070,0.3646627217531204,65376,1635,63741,41.25,1.0,5e-06,58.86287576472387,0.0,1789732671.3728325
447,2,28995424,0.3528045564889908,65352,1642,63710,31.0,1.0,5e-06,58.622825677040964,0.0,1789732729.996245
448,2,29060823,0.33810627460479736,65397,1629,63768,31.75,1.0,5e-06,58.68714225711301,0.0,1789732788.6839814
449,2,29126156,0.37718039751052856,65331,1681,63650,31.75,1.0,5e-06,58.703123772051185,0.0,1789732847.387677
450,2,29191642,0.35156114399433136,65484,1692,63792,41.75,1.0,5e-06,58.89119637804106,0.0,1789732906.2794569
451,2,29256797,0.3602128028869629,65153,1584,63569,53.25,1.0,5e-06,58.49768191529438,0.0,1789732964.7777011
452,2,29321892,0.3422742336988449,65093,1771,63322,44.5,1.0,5e-06,58.319244117010385,0.0,1789733023.0975108
453,2,29387148,0.3319571316242218,65254,1639,63615,32.25,1.0,5e-06,58.770014226902276,0.0,1789733081.868116
454,2,29452571,0.35790392756462097,65421,1601,63820,44.25,1.0,5e-06,58.79733525402844,0.0,1789733140.6660178
455,2,29517851,0.3364805281162262,65278,1637,63641,34.75,1.0,5e-06,58.622148242779076,0.0,1789733199.2887132
456,2,29583070,0.3501664102077484,65217,1618,63599,43.25,1.0,5e-06,58.43917824793607,0.0,1789733257.7284584
457,2,29648226,0.3531481623649597,65154,1730,63424,47.75,1.0,5e-06,58.79748129611835,0.0,1789733316.5265398
458,2,29713574,0.3699316531419754,65346,1518,63828,41.0,1.0,5e-06,58.63345491606742,0.0,1789733375.1605728
459,2,29779062,0.3393135666847229,65486,1628,63858,23.25,1.0,5e-06,58.76218458916992,0.0,1789733433.9233544
460,2,29844473,0.3595695495605469,65409,1754,63655,35.75,1.0,5e-06,58.766582703217864,0.0,1789733492.6905375
461,2,29909807,0.32309161126613617,65332,1664,63668,43.75,1.0,5e-06,58.70213092118502,0.0,1789733551.39325
462,2,29975130,0.32670219242572784,65321,1756,63565,37.75,1.0,5e-06,58.57348032295704,0.0,1789733609.967357
463,2,30000000,0.3180534839630127,24869,620,24249,45.25,1.0,5e-06,40.07290640985593,219.63914051512256,1789733869.6806774
