sample_id	task	num_decision_chunks	sample_best_score	dynamic_score	dynamic_gain	dynamic_winner_trajectory	dynamic_prediction_hash
ruler_fwe_16k:0010	ruler_fwe_16k	15	0.6666666666666666	1.0	0.33333333333333337	"[""L18"", ""L0"", ""L12"", ""L18"", ""L18"", ""L18"", ""L18"", ""L18"", ""L18"", ""L18"", ""L18"", ""L18"", ""L18"", ""L18"", ""L18""]"	7a99e74d582ba3b4d02ad664e0cc9db6cfaed8293ab93b2b2ea6b483bfe21768
ruler_fwe_16k:0088	ruler_fwe_16k	15	0.6666666666666666	1.0	0.33333333333333337	"[""OFF"", ""L6"", ""OFF"", ""L6"", ""L6"", ""L18"", ""L6"", ""L6"", ""L6"", ""L6"", ""L6"", ""L6"", ""L6"", ""L6"", ""L6""]"	5ec45171daa6d5010c5d6b5177039cf487c5e0653dbe2a7b38f94a6d7495c58f
ruler_fwe_16k:0108	ruler_fwe_16k	15	0.6666666666666666	1.0	0.33333333333333337	"[""L18"", ""L0"", ""L18"", ""L18"", ""ALL"", ""L18"", ""L6"", ""L18"", ""L18"", ""L18"", ""L18"", ""L18"", ""L18"", ""L18"", ""L18""]"	3a04e94e95db6830903af531e53417c43f80f45179e524cbc26f63e5ad0aabb0
ruler_fwe_16k:0227	ruler_fwe_16k	15	0.6666666666666666	1.0	0.33333333333333337	"[""L24"", ""L18"", ""ALL"", ""L0"", ""L0"", ""L0"", ""L0"", ""L0"", ""L0"", ""L0"", ""L0"", ""L0"", ""L0"", ""L0"", ""L0""]"	dc738308131a0196a3cc1a3de4716b91f0a51d2683c754ffeea789e473e0cb05
ruler_fwe_16k:0242	ruler_fwe_16k	15	0.6666666666666666	1.0	0.33333333333333337	"[""L24"", ""L12"", ""L12"", ""L12"", ""L12"", ""L12"", ""L12"", ""L12"", ""L12"", ""L12"", ""L12"", ""L12"", ""L12"", ""L12"", ""L12""]"	b8cb83351f59222dffcd3d7ce2501e03d149fae7c9976371d17f7373d0586317
ruler_fwe_16k:0254	ruler_fwe_16k	14	0.3333333333333333	0.6666666666666666	0.3333333333333333	"[""ALL"", ""L6"", ""ALL"", ""ALL"", ""ALL"", ""ALL"", ""ALL"", ""ALL"", ""ALL"", ""ALL"", ""ALL"", ""ALL"", ""ALL"", ""ALL""]"	1fe15c6ae20d7cfed0c9fae99e2d6e8490b86ccd95740a65b63cf1da82392e16
ruler_fwe_16k:0256	ruler_fwe_16k	15	0.3333333333333333	0.6666666666666666	0.3333333333333333	"[""L18"", ""L0"", ""L18"", ""L18"", ""L24"", ""L18"", ""L18"", ""L18"", ""L18"", ""L18"", ""L18"", ""L18"", ""L18"", ""L18"", ""L18""]"	67790b04fc769046a08f9ea52592f25f7c6a0d022f083c409800787f6b5ea641
ruler_fwe_16k:0260	ruler_fwe_16k	15	0.6666666666666666	1.0	0.33333333333333337	"[""L6"", ""L12"", ""L12"", ""L0"", ""L12"", ""L12"", ""L12"", ""L12"", ""L12"", ""L12"", ""L12"", ""L12"", ""L12"", ""L12"", ""L12""]"	95a95a1a5a37a72a8f7777c9f9011e3d554c973c582773ae3601462d2cf6e666
ruler_fwe_16k:0293	ruler_fwe_16k	14	0.6666666666666666	1.0	0.33333333333333337	"[""L18"", ""ALL"", ""ALL"", ""ALL"", ""ALL"", ""ALL"", ""ALL"", ""ALL"", ""ALL"", ""ALL"", ""ALL"", ""ALL"", ""ALL"", ""ALL""]"	b6bfbaba0d4d5a6a0211543dffe797202a108fd8b35e96e32c894c2910a9379c
ruler_fwe_16k:0298	ruler_fwe_16k	15	0.6666666666666666	1.0	0.33333333333333337	"[""OFF"", ""L12"", ""L6"", ""L6"", ""L6"", ""L6"", ""L6"", ""L6"", ""L6"", ""L6"", ""L6"", ""L6"", ""L6"", ""L6"", ""L6""]"	e39b7b960cf1630bf38d09d533816cd3a6f5dc05ac14a712a4bf603ae0878183
ruler_fwe_16k:0321	ruler_fwe_16k	14	0.6666666666666666	1.0	0.33333333333333337	"[""L18"", ""L6"", ""OFF"", ""ALL"", ""L24"", ""L24"", ""L24"", ""L24"", ""L24"", ""OFF"", ""L24"", ""L24"", ""L24"", ""L24""]"	e9b6fe1afd988546d4fd3fb515fe61b79fb517f5cc130d44922f5e9e7af75a26
ruler_fwe_16k:0324	ruler_fwe_16k	15	0.6666666666666666	1.0	0.33333333333333337	"[""L6"", ""L12"", ""L12"", ""L12"", ""L12"", ""L12"", ""L12"", ""L12"", ""L12"", ""L12"", ""L12"", ""L12"", ""L12"", ""L12"", ""L12""]"	9365edf472c6948b7ae86ca239cda9d4659112c12336eaeee6c08b99330942e1
ruler_fwe_16k:0351	ruler_fwe_16k	15	0.6666666666666666	1.0	0.33333333333333337	"[""L6"", ""L12"", ""L12"", ""ALL"", ""L12"", ""L12"", ""L12"", ""L12"", ""L12"", ""L12"", ""L12"", ""L12"", ""L0"", ""L12"", ""L12""]"	2563a7654d65d578919b4c0cea656cb4df5db894e1f0f90ce0cafe92a6112967
ruler_fwe_16k:0372	ruler_fwe_16k	15	0.3333333333333333	0.6666666666666666	0.3333333333333333	"[""L0"", ""L24"", ""L24"", ""L24"", ""L24"", ""L24"", ""L24"", ""L24"", ""L24"", ""L24"", ""L24"", ""L24"", ""L24"", ""L24"", ""L24""]"	39768e65e5d14adbeca53b56d860b7ea2e5c34f1af1462f4c924c537ec225199
ruler_fwe_16k:0373	ruler_fwe_16k	15	0.6666666666666666	1.0	0.33333333333333337	"[""L6"", ""L12"", ""L12"", ""L12"", ""L12"", ""L12"", ""L12"", ""L12"", ""L12"", ""L12"", ""L12"", ""L12"", ""L12"", ""L12"", ""L12""]"	499894d4e6f5879e00d5fc3954d5f5a084c65b7d19a001a9e4f8b33912ea98ec
ruler_fwe_16k:0386	ruler_fwe_16k	15	0.6666666666666666	1.0	0.33333333333333337	"[""L12"", ""L0"", ""L0"", ""L0"", ""L0"", ""L0"", ""L0"", ""L0"", ""L0"", ""L0"", ""L0"", ""L0"", ""L0"", ""L0"", ""L0""]"	d330173bb94b560d27af16ce16cda3e6360b6288094e163250e335ab903e662a
ruler_fwe_16k:0402	ruler_fwe_16k	14	0.6666666666666666	1.0	0.33333333333333337	"[""L12"", ""L24"", ""L12"", ""L12"", ""L12"", ""L12"", ""L12"", ""L18"", ""L12"", ""L12"", ""L12"", ""L12"", ""L12"", ""L12""]"	59ecf68740ec1ca28077d8c29c58d2e60835638a6b8d3be5d9de49d65be38317
ruler_fwe_16k:0472	ruler_fwe_16k	14	0.6666666666666666	1.0	0.33333333333333337	"[""L18"", ""L6"", ""OFF"", ""ALL"", ""L24"", ""L24"", ""L24"", ""L24"", ""L24"", ""L24"", ""L24"", ""L24"", ""L24"", ""ALL""]"	e3d956ebccaa2d0cf30865f535d85f489feef4e5e5f47a756be946237ab200c1
ruler_fwe_16k:0478	ruler_fwe_16k	15	0.6666666666666666	1.0	0.33333333333333337	"[""OFF"", ""L18"", ""L18"", ""L18"", ""L18"", ""L18"", ""L18"", ""L18"", ""L18"", ""L18"", ""L18"", ""L18"", ""L18"", ""L18"", ""L18""]"	58ca1c0c02a858020ea022bfe89b2e911c85173dda14c1b8bb43417aaa0b129c
ruler_fwe_16k:0488	ruler_fwe_16k	15	0.6666666666666666	1.0	0.33333333333333337	"[""L24"", ""L18"", ""L18"", ""L18"", ""L18"", ""L18"", ""L18"", ""L18"", ""L18"", ""L18"", ""L18"", ""L18"", ""L18"", ""L18"", ""L18""]"	d281995a9b5f2a5270a82369cc4b61db2338453233e55ae4a064c07f3bef82d6
ruler_fwe_16k:0498	ruler_fwe_16k	15	0.6666666666666666	1.0	0.33333333333333337	"[""L6"", ""L18"", ""L18"", ""L18"", ""L18"", ""L18"", ""L18"", ""L18"", ""L18"", ""L18"", ""L18"", ""L18"", ""L18"", ""L18"", ""L18""]"	eb5c4da6473d38cf1d20128dcd57e511eb084b65a9e72e276419f46016367b60
ruler_niah_multikey_1_16k:0432	ruler_niah_multikey_1_16k	15	0.0	1.0	1.0	"[""L6"", ""L18"", ""L18"", ""L18"", ""L18"", ""L18"", ""L18"", ""L18"", ""L18"", ""L18"", ""L18"", ""L18"", ""L18"", ""L18"", ""L18""]"	d21f705bb2f4b9c05adfbbaeb9a50260f49cd9e4dfc8239c36168a87ab470381
ruler_niah_multikey_2_16k:0045	ruler_niah_multikey_2_16k	15	0.0	1.0	1.0	"[""L24"", ""ALL"", ""L0"", ""L0"", ""L0"", ""L0"", ""L0"", ""L0"", ""L0"", ""L0"", ""L0"", ""L0"", ""L0"", ""L0"", ""L0""]"	4ec93e2d147ec85ffdc720dd4d02d3d83c7bd2e49b0c26d76261330b2d380430
ruler_niah_multikey_2_16k:0116	ruler_niah_multikey_2_16k	15	0.0	1.0	1.0	"[""L12"", ""ALL"", ""ALL"", ""ALL"", ""ALL"", ""ALL"", ""ALL"", ""ALL"", ""ALL"", ""ALL"", ""ALL"", ""ALL"", ""ALL"", ""ALL"", ""ALL""]"	e7926225e8c622a8fc524dfe30868d025f6aa88dae3ff561bff409a4a2342048
ruler_niah_multikey_2_16k:0331	ruler_niah_multikey_2_16k	15	0.0	1.0	1.0	"[""L0"", ""L24"", ""L24"", ""L24"", ""L24"", ""L24"", ""L24"", ""L24"", ""L24"", ""L24"", ""L24"", ""L24"", ""L24"", ""L24"", ""L24""]"	348f9275e3c9adbb4b6c591711f6a5d0b3cfe6f5c2af6e532f8a72cd5ba07e99
ruler_niah_multikey_2_16k:0482	ruler_niah_multikey_2_16k	15	0.0	1.0	1.0	"[""L24"", ""ALL"", ""ALL"", ""ALL"", ""ALL"", ""ALL"", ""ALL"", ""ALL"", ""ALL"", ""ALL"", ""ALL"", ""ALL"", ""ALL"", ""ALL"", ""ALL""]"	74ce2069530278d524abf72b65a01fa22699de443556d87952cf748db8ca236f
ruler_niah_multikey_3_16k:0071	ruler_niah_multikey_3_16k	14	0.0	1.0	1.0	"[""ALL"", ""L18"", ""ALL"", ""ALL"", ""ALL"", ""ALL"", ""ALL"", ""ALL"", ""ALL"", ""ALL"", ""ALL"", ""ALL"", ""ALL"", ""ALL""]"	b4bcc730199c109be95f95a979a7af307bb3ccdb5423bc05ebe322b75eac9d63
ruler_niah_multikey_3_16k:0074	ruler_niah_multikey_3_16k	15	0.0	1.0	1.0	"[""L0"", ""L24"", ""L24"", ""L24"", ""L24"", ""L24"", ""L24"", ""L24"", ""L24"", ""L24"", ""L24"", ""L24"", ""L24"", ""L24"", ""L24""]"	7032e40020d83196079078885b85dab06a6f0b7678466945945ae2f1a92920b6
ruler_niah_multikey_3_16k:0108	ruler_niah_multikey_3_16k	15	0.0	1.0	1.0	"[""L6"", ""ALL"", ""ALL"", ""ALL"", ""ALL"", ""ALL"", ""ALL"", ""ALL"", ""ALL"", ""ALL"", ""ALL"", ""ALL"", ""ALL"", ""ALL"", ""ALL""]"	a650cffe4c32cfbfc50dbbe5035e054d79a526f1ca202802df22e646f93cbd9c
ruler_niah_multikey_3_16k:0138	ruler_niah_multikey_3_16k	15	0.0	1.0	1.0	"[""OFF"", ""OFF"", ""L6"", ""L6"", ""L6"", ""L6"", ""L6"", ""L6"", ""L6"", ""L6"", ""L6"", ""L6"", ""L6"", ""L6"", ""L6""]"	6053b26bb3e935f7c48171bcb36b60ade00b8df7251e582d49605d1d9423baa6
ruler_niah_multikey_3_16k:0145	ruler_niah_multikey_3_16k	14	0.0	1.0	1.0	"[""OFF"", ""L0"", ""L24"", ""L0"", ""L0"", ""L0"", ""L0"", ""L0"", ""L0"", ""L0"", ""L0"", ""L0"", ""L0"", ""L0""]"	dd285af1e614e78dd1180e0d8aecee74e89043b762c9e686e52620c3d318b3c1
ruler_niah_multikey_3_16k:0202	ruler_niah_multikey_3_16k	15	0.0	1.0	1.0	"[""OFF"", ""ALL"", ""L6"", ""L6"", ""L6"", ""L6"", ""L6"", ""L6"", ""L6"", ""L6"", ""L6"", ""L6"", ""L6"", ""L6"", ""L6""]"	659c757c938f3c0addfcfb4ef7f0082ddf80bbc743ff43e44af10af1619149a6
ruler_niah_multikey_3_16k:0208	ruler_niah_multikey_3_16k	15	0.0	1.0	1.0	"[""L18"", ""L0"", ""L18"", ""L18"", ""ALL"", ""L18"", ""L6"", ""L18"", ""L18"", ""L18"", ""L18"", ""L18"", ""L18"", ""L18"", ""L18""]"	cedc29cdd06d09c6fdac477b1d785f4e26a06aa9eab32b875fbad6683a4afa27
ruler_niah_multikey_3_16k:0212	ruler_niah_multikey_3_16k	14	0.0	1.0	1.0	"[""L18"", ""L18"", ""L24"", ""L24"", ""L24"", ""L24"", ""L24"", ""L24"", ""L24"", ""L24"", ""L24"", ""L24"", ""L24"", ""L24""]"	aebfa50b68af41d24df7ea89e64d1e6cf6f953dce1d02174c4ef672c8cce18b2
ruler_niah_multikey_3_16k:0217	ruler_niah_multikey_3_16k	15	0.0	1.0	1.0	"[""L6"", ""ALL"", ""ALL"", ""ALL"", ""ALL"", ""ALL"", ""ALL"", ""ALL"", ""ALL"", ""ALL"", ""ALL"", ""ALL"", ""ALL"", ""ALL"", ""ALL""]"	4ae48aaf1d41c516af0047cf2ac93dcfc3c1d633310170f59f2471c02e7db942
ruler_niah_multikey_3_16k:0220	ruler_niah_multikey_3_16k	15	0.0	1.0	1.0	"[""L6"", ""ALL"", ""ALL"", ""ALL"", ""ALL"", ""ALL"", ""ALL"", ""ALL"", ""ALL"", ""ALL"", ""ALL"", ""ALL"", ""ALL"", ""ALL"", ""ALL""]"	08956c338fb2b829153bb3062bdec5ec566d6e32d597d40ef4a20f9ac60a1bae
ruler_niah_multikey_3_16k:0251	ruler_niah_multikey_3_16k	15	0.0	1.0	1.0	"[""L24"", ""L18"", ""L0"", ""L12"", ""L0"", ""L0"", ""L12"", ""L0"", ""L0"", ""L0"", ""L0"", ""L0"", ""L0"", ""L0"", ""L0""]"	79453cf1f773957787b656a04bdd5a32957d858ddde966477582ce73e49c598c
ruler_niah_multikey_3_16k:0253	ruler_niah_multikey_3_16k	14	0.0	1.0	1.0	"[""L12"", ""L24"", ""L12"", ""L12"", ""L12"", ""L12"", ""ALL"", ""L12"", ""L12"", ""L12"", ""L12"", ""L12"", ""L12"", ""L12""]"	e29e7ec0cfc6a089f3a3a9d6e06ce56684cf60769bcce2341f0eb4683400b4b3
ruler_niah_multikey_3_16k:0362	ruler_niah_multikey_3_16k	15	0.0	1.0	1.0	"[""L24"", ""L6"", ""L0"", ""L0"", ""L0"", ""L0"", ""L0"", ""L0"", ""L0"", ""L0"", ""L0"", ""L0"", ""L0"", ""L0"", ""L0""]"	95ab8704c4d7a96f6034606b5022cf26b225831e343c2c98bae266fd196ef548
ruler_niah_multikey_3_16k:0394	ruler_niah_multikey_3_16k	15	0.0	1.0	1.0	"[""L24"", ""L18"", ""L0"", ""L12"", ""L0"", ""L0"", ""L0"", ""L0"", ""L0"", ""OFF"", ""L24"", ""L0"", ""L0"", ""L0"", ""L0""]"	20c493dffdffcf3b444730facf1a05b22f50116690957c6f243001ea8d23e4b6
ruler_niah_multikey_3_16k:0429	ruler_niah_multikey_3_16k	14	0.0	1.0	1.0	"[""ALL"", ""ALL"", ""L0"", ""L0"", ""L0"", ""L0"", ""L0"", ""L0"", ""L0"", ""L0"", ""L0"", ""L0"", ""L0"", ""L0""]"	59e641ec79c0a051527d8b459b9130194b198f2a6001fb7b2841e476ada60ca1
ruler_niah_multikey_3_16k:0464	ruler_niah_multikey_3_16k	15	0.0	1.0	1.0	"[""OFF"", ""L6"", ""OFF"", ""L6"", ""L6"", ""OFF"", ""L0"", ""L6"", ""L6"", ""L6"", ""L6"", ""L6"", ""L6"", ""L6"", ""L6""]"	a0fd4f75383d5f1606eaad4853d7b2c77038bdfe8b818f8c4c78fb48a41386ae
ruler_niah_multiquery_16k:0001	ruler_niah_multiquery_16k	15	0.75	1.0	0.25	"[""L24"", ""L18"", ""L24"", ""L0"", ""L0"", ""L0"", ""L0"", ""L0"", ""L0"", ""L0"", ""L0"", ""L0"", ""L0"", ""L0"", ""L0""]"	59fd6d6cfd8c944feaa07459b79bf7acb22772c54c1e10deddf78fd84fd95be8
ruler_niah_multiquery_16k:0063	ruler_niah_multiquery_16k	15	0.75	1.0	0.25	"[""ALL"", ""OFF"", ""OFF"", ""OFF"", ""OFF"", ""OFF"", ""OFF"", ""OFF"", ""OFF"", ""OFF"", ""OFF"", ""OFF"", ""OFF"", ""OFF"", ""OFF""]"	f61e0dc46d4032e15129fc15f863abf1be3b1e1274b3a2eecbe8f5ec2518627f
ruler_niah_multiquery_16k:0068	ruler_niah_multiquery_16k	15	0.75	1.0	0.25	"[""L24"", ""L18"", ""L0"", ""L18"", ""L0"", ""L0"", ""L0"", ""L0"", ""L0"", ""L0"", ""L0"", ""L0"", ""L0"", ""L0"", ""L0""]"	f53a60b71a62d2d925b700428cd11ceae69d3a08732d26274a7b774bb65ab63c
ruler_niah_multiquery_16k:0082	ruler_niah_multiquery_16k	15	0.75	1.0	0.25	"[""L24"", ""L18"", ""L0"", ""L12"", ""L18"", ""L18"", ""L0"", ""L0"", ""L0"", ""L0"", ""L0"", ""L0"", ""L0"", ""L0"", ""L0""]"	786750b0e9be42bac92470813ab24c6c69c4c5ee820a25a817b1a78f7e1bf55a
ruler_niah_multiquery_16k:0100	ruler_niah_multiquery_16k	15	0.75	1.0	0.25	"[""L6"", ""ALL"", ""ALL"", ""ALL"", ""ALL"", ""ALL"", ""ALL"", ""ALL"", ""ALL"", ""ALL"", ""ALL"", ""ALL"", ""ALL"", ""ALL"", ""ALL""]"	5eb9196d4f5f77756dcbd67923faa028d4c09a3e9373de7ed94fa43381117ff8
ruler_niah_multiquery_16k:0129	ruler_niah_multiquery_16k	15	0.75	1.0	0.25	"[""L6"", ""L0"", ""L0"", ""L0"", ""L0"", ""L0"", ""L0"", ""L0"", ""L0"", ""L0"", ""L0"", ""L0"", ""L0"", ""L0"", ""L0""]"	5b16f63474fde5cb3f003dfd42c59d1bd80563c673c431d2c228b0bd101217fb
ruler_niah_multiquery_16k:0131	ruler_niah_multiquery_16k	15	0.75	1.0	0.25	"[""L6"", ""ALL"", ""ALL"", ""ALL"", ""ALL"", ""ALL"", ""ALL"", ""ALL"", ""ALL"", ""ALL"", ""ALL"", ""ALL"", ""ALL"", ""ALL"", ""ALL""]"	24d952843a608f923928548ed705efc683537e5431eac3f60ca02e80273e8c0b
ruler_niah_multiquery_16k:0147	ruler_niah_multiquery_16k	15	0.75	1.0	0.25	"[""L12"", ""L24"", ""L24"", ""L24"", ""L24"", ""L24"", ""L24"", ""L24"", ""L24"", ""L24"", ""L24"", ""L24"", ""L24"", ""L24"", ""L24""]"	1781dcec89cd95e344aeba08481b90e43cf8379188c329eddd002fd24fac381c
ruler_niah_multiquery_16k:0201	ruler_niah_multiquery_16k	15	0.75	1.0	0.25	"[""ALL"", ""L18"", ""L18"", ""L18"", ""L18"", ""L18"", ""L18"", ""L18"", ""L18"", ""L18"", ""L18"", ""L18"", ""L18"", ""L18"", ""L18""]"	35a38d5499a8772418194b55a0487ca0eba248d30ee388a45b4211b66b9cebef
ruler_niah_multiquery_16k:0381	ruler_niah_multiquery_16k	15	0.75	1.0	0.25	"[""L18"", ""L0"", ""L0"", ""L0"", ""L0"", ""L0"", ""L0"", ""L0"", ""L0"", ""L0"", ""L0"", ""L0"", ""L0"", ""L0"", ""L0""]"	df3f80aad31da6eed4e91e56c4d0f8a15e0cd95986c6649d3f1c302386b8292b
ruler_niah_multiquery_16k:0404	ruler_niah_multiquery_16k	15	0.75	1.0	0.25	"[""L24"", ""L6"", ""L6"", ""L6"", ""L6"", ""L6"", ""L6"", ""L6"", ""L6"", ""L6"", ""L6"", ""L6"", ""L6"", ""L6"", ""L6""]"	de3353cb079dd1b5bcb77ff3f55656da1378f9bb20e8ddce4eebc01b09d5660c
ruler_niah_multiquery_16k:0454	ruler_niah_multiquery_16k	15	0.5	1.0	0.5	"[""L0"", ""L24"", ""L24"", ""L24"", ""L24"", ""L24"", ""L24"", ""L24"", ""L24"", ""L24"", ""L24"", ""L24"", ""L24"", ""L24"", ""L24""]"	50c01701a35ed7e84fe0572df94ed8981e60617f752eae6b91b8382bebf89b6f
ruler_niah_multivalue_16k:0060	ruler_niah_multivalue_16k	15	0.75	1.0	0.25	"[""L18"", ""ALL"", ""ALL"", ""ALL"", ""ALL"", ""ALL"", ""ALL"", ""ALL"", ""ALL"", ""ALL"", ""ALL"", ""ALL"", ""ALL"", ""ALL"", ""ALL""]"	d62f96f85a0788351c357d05d29ae21517ee99400e80b9a8e03c84f3ff7b15e0
ruler_niah_multivalue_16k:0144	ruler_niah_multivalue_16k	15	0.75	1.0	0.25	"[""L18"", ""L6"", ""L18"", ""L18"", ""L18"", ""L18"", ""L18"", ""L18"", ""L18"", ""L18"", ""L18"", ""L18"", ""L18"", ""L18"", ""L18""]"	3b8322568daa8d5aa145787dd709e23765869e8572aba13a8483f7791787bc46
ruler_niah_multivalue_16k:0192	ruler_niah_multivalue_16k	15	0.75	1.0	0.25	"[""L24"", ""OFF"", ""OFF"", ""OFF"", ""OFF"", ""OFF"", ""OFF"", ""OFF"", ""OFF"", ""OFF"", ""OFF"", ""OFF"", ""OFF"", ""OFF"", ""OFF""]"	d0dcfc8d64efeeb12fcf60ad605edbfd268c3a968eb7fc6c8f8b749066a6541f
ruler_niah_multivalue_16k:0245	ruler_niah_multivalue_16k	15	0.75	1.0	0.25	"[""L6"", ""L12"", ""L12"", ""L12"", ""L12"", ""L12"", ""L12"", ""L12"", ""L12"", ""L12"", ""L12"", ""L12"", ""L12"", ""L12"", ""L12""]"	ccdee6fa4be9089047c2246917bfc263caac0cd10d6cd53a645c203a5fa0a2fd
ruler_niah_multivalue_16k:0266	ruler_niah_multivalue_16k	15	0.75	1.0	0.25	"[""L24"", ""L18"", ""L24"", ""L0"", ""L0"", ""L0"", ""L0"", ""L0"", ""L0"", ""L0"", ""L0"", ""L0"", ""L0"", ""L0"", ""L0""]"	e88f53fca3c8d0d74435f4428890aa11a128548acf9faa4a918c1ab6a4ea7b0c
ruler_niah_multivalue_16k:0288	ruler_niah_multivalue_16k	15	0.75	1.0	0.25	"[""L0"", ""L24"", ""L24"", ""L24"", ""L24"", ""L24"", ""L24"", ""L24"", ""L24"", ""L24"", ""L24"", ""L24"", ""L24"", ""L24"", ""L24""]"	7df4f409bd0c2f8459b7d375f746abd67e2d8fa130b22eceee5158b9398e0a5f
ruler_niah_multivalue_16k:0496	ruler_niah_multivalue_16k	15	0.75	1.0	0.25	"[""L6"", ""L0"", ""L12"", ""L12"", ""L12"", ""L12"", ""L12"", ""L12"", ""L12"", ""L12"", ""L12"", ""L12"", ""L12"", ""L12"", ""L12""]"	bd0963a7f5563e27efcd11fd1ce16aca7bc18fd04e3f2136b340e328c17a1ab4
ruler_niah_multivalue_16k:0498	ruler_niah_multivalue_16k	15	0.5	1.0	0.5	"[""L6"", ""L12"", ""ALL"", ""L12"", ""L12"", ""L12"", ""L12"", ""L12"", ""L12"", ""L12"", ""L12"", ""L12"", ""L12"", ""L12"", ""L12""]"	68b237e46379cf73eee821ce9d2013747829a9ef45eedf32a238b9843035a7b4
ruler_qa_hotpotqa_16k:0006	ruler_qa_hotpotqa_16k	14	0.0	1.0	1.0	"[""ALL"", ""ALL"", ""ALL"", ""L18"", ""L18"", ""L18"", ""L18"", ""L6"", ""ALL"", ""ALL"", ""ALL"", ""ALL"", ""ALL"", ""OFF""]"	c507f5581dfd6fa8e9b11ac75a62ba62d85f1cbeff727cfb3d78543d32548b63
ruler_qa_hotpotqa_16k:0023	ruler_qa_hotpotqa_16k	14	0.0	1.0	1.0	"[""L12"", ""L0"", ""L12"", ""L12"", ""L12"", ""L12"", ""L12"", ""L12"", ""L12"", ""L12"", ""L12"", ""L12"", ""L12"", ""L12""]"	f6690e3f4164a387d9845f960f04243c4d4637823e0e90072ee7bb9bdc689ae8
ruler_qa_hotpotqa_16k:0031	ruler_qa_hotpotqa_16k	14	0.0	1.0	1.0	"[""L12"", ""L24"", ""ALL"", ""L12"", ""L12"", ""L12"", ""L12"", ""L12"", ""L12"", ""L12"", ""L12"", ""L12"", ""L12"", ""L12""]"	9b52fddc5a583fcb7ccad726879bd052b66b6f1dd287c36275d0e42d2dfb3308
ruler_qa_hotpotqa_16k:0059	ruler_qa_hotpotqa_16k	14	0.0	1.0	1.0	"[""L18"", ""OFF"", ""L24"", ""L24"", ""L24"", ""L24"", ""L24"", ""L24"", ""L24"", ""L24"", ""L24"", ""L24"", ""L24"", ""L24""]"	796b29c7e406e8a4507afc892128d512f3ecf1b97dcf6343e75aa801e11cfccc
ruler_qa_hotpotqa_16k:0085	ruler_qa_hotpotqa_16k	14	0.0	1.0	1.0	"[""ALL"", ""ALL"", ""ALL"", ""L18"", ""L18"", ""L18"", ""L18"", ""L6"", ""OFF"", ""ALL"", ""ALL"", ""ALL"", ""ALL"", ""ALL""]"	7605c484c2dad237713170da4674a650ef6cf71d55601c159208b15844dbb362
ruler_qa_hotpotqa_16k:0118	ruler_qa_hotpotqa_16k	14	0.0	1.0	1.0	"[""L6"", ""L12"", ""L12"", ""L12"", ""L12"", ""L12"", ""L12"", ""L12"", ""L12"", ""L12"", ""L12"", ""L12"", ""L12"", ""L12""]"	5e4766139cb7f73fd887378a9cc33236f3ffb53c2461da7a6352e04d92bb0c74
ruler_qa_hotpotqa_16k:0140	ruler_qa_hotpotqa_16k	13	0.0	1.0	1.0	"[""L24"", ""L24"", ""L24"", ""L24"", ""L24"", ""L18"", ""L18"", ""L18"", ""L18"", ""L18"", ""L18"", ""L18"", ""L18""]"	e4a66ab8a3bcc20349a1a5d81bc8e2dd9d36dae37746217440cbda29f7bc43cb
ruler_qa_hotpotqa_16k:0191	ruler_qa_hotpotqa_16k	13	0.0	1.0	1.0	"[""L0"", ""L24"", ""L18"", ""L24"", ""L24"", ""L24"", ""L24"", ""L24"", ""L24"", ""L24"", ""L24"", ""L24"", ""L24""]"	f7713fcef813dd261b4e54fe065b7a9c7b6bb294a4280599fe93af2f4a183508
ruler_qa_hotpotqa_16k:0312	ruler_qa_hotpotqa_16k	14	0.0	1.0	1.0	"[""L18"", ""L0"", ""L0"", ""L0"", ""L0"", ""L0"", ""L0"", ""L0"", ""L0"", ""L0"", ""L0"", ""L0"", ""L0"", ""L0""]"	ed1db31a3a5fdac32221d6158631e70b6bb151efc60b25d50bcb5fc4ec872af2
ruler_qa_hotpotqa_16k:0337	ruler_qa_hotpotqa_16k	14	0.0	1.0	1.0	"[""L6"", ""L6"", ""OFF"", ""OFF"", ""OFF"", ""OFF"", ""OFF"", ""OFF"", ""OFF"", ""OFF"", ""OFF"", ""OFF"", ""OFF"", ""OFF""]"	5eea3180e8359440a49ccc82afb110b05d158400c00a937e10369a6a0787e60b
ruler_qa_hotpotqa_16k:0348	ruler_qa_hotpotqa_16k	14	0.0	1.0	1.0	"[""ALL"", ""L24"", ""L24"", ""L24"", ""L24"", ""L24"", ""L24"", ""L24"", ""L24"", ""L24"", ""L24"", ""L24"", ""L24"", ""L24""]"	f0a522df64cd0878ff5539813f936af2987aae723fc704e0509e079e4ac4b874
ruler_qa_hotpotqa_16k:0364	ruler_qa_hotpotqa_16k	15	0.0	1.0	1.0	"[""L18"", ""L6"", ""L18"", ""L18"", ""L18"", ""L18"", ""L18"", ""L18"", ""L18"", ""L18"", ""L18"", ""L18"", ""L18"", ""L18"", ""L18""]"	fa0cab233a0b6075c0d5d07ef1f6451fa7b5d76106f06981b33db02914197751
ruler_qa_hotpotqa_16k:0454	ruler_qa_hotpotqa_16k	15	0.0	1.0	1.0	"[""L18"", ""L24"", ""L18"", ""L18"", ""L18"", ""L18"", ""L18"", ""L18"", ""L18"", ""L18"", ""L18"", ""L18"", ""L18"", ""L18"", ""L18""]"	b3fc3e6b95771dd8b398a5ae752bf8f2ea651126af3ff0efa14ebc28d1cf93ca
ruler_qa_hotpotqa_16k:0493	ruler_qa_hotpotqa_16k	15	0.0	1.0	1.0	"[""L24"", ""ALL"", ""ALL"", ""ALL"", ""ALL"", ""ALL"", ""ALL"", ""ALL"", ""ALL"", ""ALL"", ""ALL"", ""ALL"", ""ALL"", ""ALL"", ""ALL""]"	d3e3f08c6ceb5d420e968a9c25219e9a0fe19a8107c695983de1f3a9abdea3f1
ruler_qa_squad_16k:0033	ruler_qa_squad_16k	14	0.0	1.0	1.0	"[""L12"", ""L18"", ""L18"", ""L12"", ""L12"", ""L12"", ""L12"", ""L12"", ""L12"", ""L12"", ""L12"", ""L12"", ""L12"", ""L12""]"	58b8cc2cdeda124451b3cd0a00761e13767ea9ab77cc36f9888378408dd892d6
ruler_qa_squad_16k:0056	ruler_qa_squad_16k	13	0.0	1.0	1.0	"[""L24"", ""ALL"", ""OFF"", ""OFF"", ""OFF"", ""OFF"", ""OFF"", ""OFF"", ""OFF"", ""OFF"", ""OFF"", ""OFF"", ""OFF""]"	f9dfca46951cccedeb9c0e6b24c2e9ed07a91e68fe7aa3df2b1a22c01143c380
ruler_qa_squad_16k:0085	ruler_qa_squad_16k	15	0.0	1.0	1.0	"[""ALL"", ""L0"", ""L0"", ""L0"", ""L0"", ""L0"", ""L0"", ""L0"", ""L0"", ""L0"", ""L0"", ""L0"", ""L0"", ""L0"", ""L0""]"	4a1ddacf39399fb6aaddfe1431a18a79f0ee0c1585ac271d218d1641a51ca3d1
ruler_qa_squad_16k:0141	ruler_qa_squad_16k	12	0.0	1.0	1.0	"[""OFF"", ""L6"", ""L6"", ""L6"", ""L6"", ""L6"", ""L6"", ""L6"", ""L6"", ""L6"", ""L6"", ""L6""]"	d3d699e99550d6a8edc734b7c5dfd552d8062a64af2388524b76cce38ecbc2b7
ruler_qa_squad_16k:0161	ruler_qa_squad_16k	12	0.0	1.0	1.0	"[""ALL"", ""L12"", ""L12"", ""L0"", ""L0"", ""L0"", ""L12"", ""L12"", ""L12"", ""L12"", ""L12"", ""L12""]"	5c1d014ef4b54d96ec1827b1930007eebb135ecd0a30d39dae0cb831e0868f15
ruler_qa_squad_16k:0172	ruler_qa_squad_16k	12	0.0	1.0	1.0	"[""ALL"", ""L6"", ""L6"", ""L6"", ""L6"", ""L6"", ""L6"", ""L6"", ""L6"", ""L6"", ""L6"", ""L6""]"	d634d445dfaf87d761676e1bf4a2e6b2c10b37d1141fd6aeb21f3e146f5c63e0
ruler_qa_squad_16k:0184	ruler_qa_squad_16k	12	0.0	1.0	1.0	"[""L18"", ""L0"", ""L6"", ""L0"", ""L0"", ""L6"", ""L0"", ""L0"", ""L0"", ""L0"", ""L0"", ""L0""]"	ae309045e8b98ba90e126c8b9d7f04e9808941fa47da7704c925721e06dc1d19
ruler_qa_squad_16k:0305	ruler_qa_squad_16k	12	0.0	1.0	1.0	"[""ALL"", ""L12"", ""L0"", ""L12"", ""L12"", ""L12"", ""L12"", ""L12"", ""L12"", ""L12"", ""L12"", ""L12""]"	5047346509cce1b0429a6153c0265f2e8f24aa1f8bdcd6600c47895ea4aeee3f
ruler_qa_squad_16k:0363	ruler_qa_squad_16k	13	0.0	1.0	1.0	"[""L0"", ""L24"", ""L18"", ""L24"", ""L0"", ""L24"", ""L24"", ""L24"", ""L24"", ""L24"", ""L24"", ""L24"", ""L24""]"	063b9458c0da5b6b8389ec479d87e23d88af83f82e6aa87694d806f2c2267ee9
ruler_qa_squad_16k:0424	ruler_qa_squad_16k	13	0.0	1.0	1.0	"[""ALL"", ""L12"", ""L6"", ""L6"", ""L6"", ""L6"", ""L6"", ""L6"", ""L6"", ""L6"", ""L6"", ""L6"", ""L6""]"	ab6db6513a41f50c9186a6140baf7ddfd877cfb685f447bc63d3b63d5fe8289e
ruler_qa_squad_16k:0429	ruler_qa_squad_16k	13	0.0	1.0	1.0	"[""ALL"", ""OFF"", ""OFF"", ""OFF"", ""OFF"", ""OFF"", ""OFF"", ""OFF"", ""OFF"", ""OFF"", ""OFF"", ""OFF"", ""OFF""]"	329fe5862105b00c8327c18cdafc6eb3e3dc5ec970a018145a88d84f2e9871d9
ruler_qa_squad_16k:0432	ruler_qa_squad_16k	13	0.0	1.0	1.0	"[""ALL"", ""L12"", ""L12"", ""L12"", ""L12"", ""L12"", ""L12"", ""L12"", ""L12"", ""L12"", ""L12"", ""L12"", ""L12""]"	687a1ab5d296148f0cb994d663607325633492a909781816907b441da41aca07
ruler_qa_squad_16k:0444	ruler_qa_squad_16k	12	0.0	1.0	1.0	"[""L18"", ""L12"", ""L0"", ""L0"", ""L0"", ""L0"", ""L0"", ""L0"", ""L0"", ""L0"", ""L0"", ""L0""]"	877c20556a17866956c7bef760257fdd1eeed431c82790c409f2b6736accee90
ruler_qa_squad_16k:0445	ruler_qa_squad_16k	12	0.0	1.0	1.0	"[""OFF"", ""L0"", ""OFF"", ""OFF"", ""OFF"", ""OFF"", ""OFF"", ""OFF"", ""OFF"", ""OFF"", ""OFF"", ""OFF""]"	7d2b46da6322b55ac3158ac3b8ba5ec8cbf3bc727bfbdbc7e051a694c79691b1
ruler_qa_squad_16k:0458	ruler_qa_squad_16k	12	0.0	1.0	1.0	"[""L12"", ""L24"", ""L24"", ""L24"", ""L24"", ""L0"", ""L24"", ""L24"", ""L24"", ""L24"", ""L24"", ""L24""]"	7882841399a6c6e9c10b36cf4545c3108e4a027ef4c530e9cd3d192141c5122f
ruler_qa_squad_16k:0472	ruler_qa_squad_16k	12	0.0	1.0	1.0	"[""ALL"", ""L18"", ""L18"", ""L18"", ""L18"", ""L18"", ""L18"", ""L18"", ""L18"", ""L18"", ""L18"", ""L18""]"	a623b5375cee4ff081ff9de5fb823d547ba4361d36ed24da13b2ab86132fcaa9
ruler_qa_squad_16k:0491	ruler_qa_squad_16k	14	0.0	1.0	1.0	"[""ALL"", ""L12"", ""L12"", ""L12"", ""L12"", ""L12"", ""L12"", ""L12"", ""L12"", ""L12"", ""L12"", ""L12"", ""L12"", ""L12""]"	8245ec43279f71376f00013c840d513285c7fc4e60ec800459522897a28497c2
ruler_vt_16k:0008	ruler_vt_16k	15	0.4	0.8	0.4	"[""L0"", ""ALL"", ""L18"", ""L18"", ""L18"", ""L18"", ""L18"", ""L18"", ""L18"", ""L18"", ""L18"", ""L18"", ""L18"", ""L18"", ""L18""]"	9b0e058ca768f997804f4c153822ebb339419d256f0e0565d2fda783964967c7
ruler_vt_16k:0024	ruler_vt_16k	15	0.8	1.0	0.19999999999999996	"[""L24"", ""L18"", ""L0"", ""ALL"", ""L0"", ""L0"", ""L0"", ""L0"", ""L0"", ""L0"", ""L0"", ""L0"", ""L0"", ""L0"", ""L0""]"	1ad9f59a147bdb68cf4dc0ebe4f4542baab47811443b8402ce2a2cba739b019f
ruler_vt_16k:0044	ruler_vt_16k	15	0.8	1.0	0.19999999999999996	"[""OFF"", ""L0"", ""L0"", ""L0"", ""L0"", ""L0"", ""L0"", ""L0"", ""L0"", ""L0"", ""L0"", ""L0"", ""L0"", ""L0"", ""L0""]"	a03d0300281fa8ecf03d18615d32870faa97c9b7ce31b09ab0472e633805424e
ruler_vt_16k:0045	ruler_vt_16k	15	0.2	0.8	0.6000000000000001	"[""OFF"", ""L12"", ""L6"", ""L6"", ""L6"", ""L6"", ""L6"", ""L6"", ""L6"", ""L6"", ""L6"", ""L6"", ""L6"", ""L6"", ""L6""]"	6e4617c4637983c711c3ef3aea6d51abcff32b1365c0abbccc7daddcb462962b
ruler_vt_16k:0048	ruler_vt_16k	15	0.2	0.4	0.2	"[""L0"", ""L12"", ""L12"", ""L12"", ""L12"", ""L12"", ""L12"", ""L12"", ""L12"", ""L12"", ""L12"", ""L12"", ""L12"", ""L12"", ""L12""]"	4857a10db8dbb76175ab941edbd7a7aee1d239a37332b1473d99b46ce2898479
ruler_vt_16k:0050	ruler_vt_16k	15	0.6	1.0	0.4	"[""L24"", ""ALL"", ""ALL"", ""ALL"", ""ALL"", ""ALL"", ""ALL"", ""ALL"", ""ALL"", ""ALL"", ""ALL"", ""ALL"", ""ALL"", ""ALL"", ""ALL""]"	4cc5ec4da0d491177f0e1b7adc84315cbd3791e099b10e5b1042e47cd51e47f1
ruler_vt_16k:0057	ruler_vt_16k	15	0.4	0.8	0.4	"[""L6"", ""L12"", ""L12"", ""ALL"", ""L12"", ""L12"", ""ALL"", ""L12"", ""L12"", ""L12"", ""L12"", ""L12"", ""L12"", ""L12"", ""L12""]"	7b5e9515a1cc02b230dd20ad6972dca1b012b10999d31a9356aacc3a61b51ce0
ruler_vt_16k:0063	ruler_vt_16k	15	0.8	1.0	0.19999999999999996	"[""L24"", ""ALL"", ""ALL"", ""ALL"", ""ALL"", ""ALL"", ""ALL"", ""ALL"", ""ALL"", ""ALL"", ""ALL"", ""ALL"", ""ALL"", ""ALL"", ""ALL""]"	aa6b3aa5b0d8f3526e2401f6305b13f2bbfc9bb848699a0dd6d7a141b8ea865b
ruler_vt_16k:0065	ruler_vt_16k	15	0.4	1.0	0.6	"[""L24"", ""L24"", ""L18"", ""L18"", ""L18"", ""L18"", ""L18"", ""L18"", ""L18"", ""L18"", ""L18"", ""L18"", ""L18"", ""L18"", ""L18""]"	e668fe5d2ffaf3a56c9b487e5aae38281a24d67ef4cad635d83b8197b243b0fd
ruler_vt_16k:0070	ruler_vt_16k	15	0.4	0.6	0.19999999999999996	"[""L24"", ""ALL"", ""ALL"", ""ALL"", ""ALL"", ""ALL"", ""ALL"", ""ALL"", ""ALL"", ""ALL"", ""ALL"", ""ALL"", ""ALL"", ""ALL"", ""ALL""]"	866ad27219f884272dc3dda446faf78fe4f6adc76686996a5899afb06ff64247
ruler_vt_16k:0083	ruler_vt_16k	15	0.8	1.0	0.19999999999999996	"[""L0"", ""L24"", ""L24"", ""L24"", ""L24"", ""L24"", ""L24"", ""L24"", ""L24"", ""L24"", ""L24"", ""L24"", ""L24"", ""L24"", ""L24""]"	a2ccfc0b2c2d91609da52ee666f84b6a94f9987bfe915e669a5d6f16bf4af01c
ruler_vt_16k:0086	ruler_vt_16k	15	0.8	1.0	0.19999999999999996	"[""L0"", ""L24"", ""L24"", ""L24"", ""L24"", ""L24"", ""L24"", ""L24"", ""L24"", ""L24"", ""L24"", ""L24"", ""L24"", ""L24"", ""L24""]"	3b1cbcc5aeeb3262f5bc63bef995be3007549e49a0e82c2fa0d5c58bc1031379
ruler_vt_16k:0091	ruler_vt_16k	15	0.6	0.8	0.20000000000000007	"[""L18"", ""L0"", ""L18"", ""L18"", ""ALL"", ""ALL"", ""L18"", ""L18"", ""L18"", ""L18"", ""L18"", ""L18"", ""L18"", ""L18"", ""L18""]"	b96a28e93feffc13213c8ed8971a8973a0d9135fc80edc5f75b91c5a0ca11245
ruler_vt_16k:0093	ruler_vt_16k	15	0.4	0.8	0.4	"[""OFF"", ""L18"", ""L18"", ""L18"", ""L18"", ""L18"", ""L18"", ""L18"", ""L18"", ""L18"", ""L18"", ""L18"", ""L18"", ""L18"", ""L18""]"	2cc643517ec00fb68095183dc47a42722d37d4d303098f4b9852e76d079d0e98
ruler_vt_16k:0098	ruler_vt_16k	15	0.8	1.0	0.19999999999999996	"[""ALL"", ""L0"", ""L0"", ""L0"", ""L0"", ""L0"", ""L0"", ""L0"", ""L0"", ""L0"", ""L0"", ""L0"", ""L0"", ""L0"", ""L0""]"	6de1e795fad6b0a643066859810cc691af4db72ff6c4dee6f044c32f796a2a4c
ruler_vt_16k:0108	ruler_vt_16k	15	0.6	0.8	0.20000000000000007	"[""ALL"", ""L24"", ""L0"", ""L0"", ""L0"", ""L0"", ""L0"", ""L0"", ""L0"", ""L0"", ""L0"", ""L0"", ""L0"", ""L0"", ""L0""]"	dcb18fcb49d0106202a40c60065b558dff9f4a68937e9fa84c6ce7af4f6f353b
ruler_vt_16k:0113	ruler_vt_16k	15	0.8	1.0	0.19999999999999996	"[""L24"", ""L18"", ""L0"", ""L24"", ""L0"", ""L0"", ""L0"", ""L0"", ""L0"", ""L0"", ""L0"", ""L0"", ""L0"", ""L0"", ""L0""]"	3472ceb6af9d490e9a3f3ee60dc5fbf1d5d9065ee835004ec1d1698cd08ead4d
ruler_vt_16k:0123	ruler_vt_16k	15	0.8	1.0	0.19999999999999996	"[""L18"", ""L0"", ""L18"", ""L18"", ""ALL"", ""L18"", ""L18"", ""L6"", ""L18"", ""L18"", ""L18"", ""L18"", ""L18"", ""L18"", ""L18""]"	7f32965e57b024e3a9dc8c3cc10b80375ab4be70f52f4c430964845e04a160c7
ruler_vt_16k:0139	ruler_vt_16k	15	0.4	1.0	0.6	"[""L18"", ""L6"", ""L18"", ""L18"", ""L18"", ""L18"", ""L18"", ""L18"", ""L18"", ""L18"", ""L18"", ""L18"", ""L18"", ""L18"", ""L18""]"	1d08a67aa41b472453fee3ab7f7fc66716eea8c698c8c55d95d30c38cd378d6f
ruler_vt_16k:0140	ruler_vt_16k	15	0.6	0.8	0.20000000000000007	"[""OFF"", ""L18"", ""L6"", ""OFF"", ""L18"", ""L18"", ""L18"", ""L18"", ""L18"", ""L18"", ""L18"", ""L18"", ""L18"", ""L18"", ""L18""]"	eb4506f194569864342fe60e039318d4a2752b8221c129ce2ab52356b1f1647a
ruler_vt_16k:0149	ruler_vt_16k	15	0.8	1.0	0.19999999999999996	"[""OFF"", ""L18"", ""L0"", ""ALL"", ""ALL"", ""ALL"", ""ALL"", ""ALL"", ""ALL"", ""ALL"", ""ALL"", ""ALL"", ""ALL"", ""ALL"", ""ALL""]"	5359d2194e7cbd47e8cbbb7253cd329312e167910bbc5562310d108f55d2299f
ruler_vt_16k:0157	ruler_vt_16k	15	0.6	1.0	0.4	"[""L0"", ""L24"", ""L24"", ""L24"", ""L24"", ""L24"", ""L24"", ""L24"", ""L24"", ""L24"", ""L24"", ""L24"", ""L24"", ""L24"", ""L24""]"	34bc405dd798412bd567a3035ebbae46b0d1cf268d8e7091bec6cb32fdb81b35
ruler_vt_16k:0160	ruler_vt_16k	15	0.8	1.0	0.19999999999999996	"[""L6"", ""L12"", ""L12"", ""OFF"", ""OFF"", ""L12"", ""L12"", ""L12"", ""L12"", ""L12"", ""L12"", ""L12"", ""L12"", ""L12"", ""L12""]"	d1b73bee3fb3ce0eff0692f8f5ac327b28feeb8d69fcee539851153423bd9f53
ruler_vt_16k:0164	ruler_vt_16k	15	0.6	0.8	0.20000000000000007	"[""L12"", ""L0"", ""L0"", ""L0"", ""L0"", ""L0"", ""L0"", ""L0"", ""L0"", ""L0"", ""L0"", ""L0"", ""L0"", ""L0"", ""L0""]"	0e09f18dcfd318959246a9011a81ba1570ff0fdc915ea8fd8e5c9857e46fe2fb
ruler_vt_16k:0165	ruler_vt_16k	15	0.8	1.0	0.19999999999999996	"[""OFF"", ""L6"", ""OFF"", ""L6"", ""L6"", ""OFF"", ""L6"", ""L6"", ""L6"", ""L18"", ""L6"", ""L6"", ""L6"", ""L6"", ""L6""]"	ae6975992024330e410e13766c4e2bb0f6a683d35e6c1b63076c672a6da83512
ruler_vt_16k:0170	ruler_vt_16k	15	0.4	0.8	0.4	"[""L18"", ""L24"", ""L24"", ""L24"", ""L24"", ""L24"", ""L24"", ""L24"", ""L24"", ""L24"", ""L24"", ""L24"", ""L24"", ""L24"", ""L24""]"	76e4a10ee25672ac22df24a5fd595a2903671cdc6c7f46a44b04c7964523267b
ruler_vt_16k:0172	ruler_vt_16k	15	0.4	0.6	0.19999999999999996	"[""L18"", ""L24"", ""L18"", ""L18"", ""L18"", ""L18"", ""L18"", ""L18"", ""L18"", ""L18"", ""L18"", ""L18"", ""L18"", ""L18"", ""L18""]"	e3a1f922109712e9fb1a6f1d3d4acb148fd0f19a3ff4b43133f68f7f5d89be83
ruler_vt_16k:0183	ruler_vt_16k	15	0.4	0.8	0.4	"[""L18"", ""L0"", ""L18"", ""L18"", ""ALL"", ""L18"", ""L18"", ""L0"", ""L18"", ""L18"", ""L18"", ""L18"", ""L18"", ""L18"", ""L18""]"	926ac6354c30a511e561bc508d3900060db8993beb9b86f7a3da96f1adc985bb
ruler_vt_16k:0188	ruler_vt_16k	15	0.4	0.8	0.4	"[""L0"", ""L6"", ""L6"", ""L6"", ""L6"", ""L6"", ""L6"", ""L6"", ""L6"", ""L6"", ""L6"", ""L6"", ""L6"", ""L6"", ""L6""]"	3841a59a625c25fc7258647880234b0f73d1d582e75d7e6284fab4c83b2f7e2d
ruler_vt_16k:0194	ruler_vt_16k	15	0.4	0.8	0.4	"[""L6"", ""ALL"", ""ALL"", ""ALL"", ""ALL"", ""ALL"", ""ALL"", ""ALL"", ""ALL"", ""ALL"", ""ALL"", ""ALL"", ""ALL"", ""ALL"", ""ALL""]"	80f633800c76341b9a2b39200aaa53af5b196d5905be785b289d48a1f6981d69
ruler_vt_16k:0196	ruler_vt_16k	15	0.8	1.0	0.19999999999999996	"[""L6"", ""OFF"", ""OFF"", ""OFF"", ""OFF"", ""OFF"", ""OFF"", ""OFF"", ""OFF"", ""OFF"", ""OFF"", ""OFF"", ""OFF"", ""OFF"", ""OFF""]"	0b87123eea532d8f27e92f553c367be7645d33d40294d61ab718277c201124a5
ruler_vt_16k:0199	ruler_vt_16k	15	0.4	0.6	0.19999999999999996	"[""OFF"", ""L12"", ""L6"", ""L6"", ""L6"", ""L6"", ""L6"", ""L6"", ""L6"", ""L6"", ""L6"", ""L6"", ""L6"", ""L6"", ""L6""]"	1ee309ad6a80d5d5a61bdcc92682b814fffd25f55218505790decdbcd991ca03
ruler_vt_16k:0203	ruler_vt_16k	15	0.8	1.0	0.19999999999999996	"[""L18"", ""L0"", ""L18"", ""L18"", ""ALL"", ""L18"", ""L18"", ""L18"", ""L18"", ""L0"", ""L18"", ""L0"", ""L18"", ""L18"", ""L18""]"	94d5548fed5341b04d7bd9e68ae829e64e54a99a25512e56615a50beedcd3a3f
ruler_vt_16k:0220	ruler_vt_16k	15	0.8	1.0	0.19999999999999996	"[""L6"", ""L12"", ""L0"", ""L12"", ""L12"", ""L12"", ""L12"", ""L12"", ""L12"", ""L12"", ""L12"", ""L12"", ""L12"", ""L12"", ""L12""]"	e2ed2bff8559b4601f2fa2cd8a40a9e5e836aa332c1f6e540fd9800add069474
ruler_vt_16k:0223	ruler_vt_16k	15	0.8	1.0	0.19999999999999996	"[""L24"", ""ALL"", ""ALL"", ""ALL"", ""ALL"", ""ALL"", ""ALL"", ""ALL"", ""ALL"", ""ALL"", ""ALL"", ""ALL"", ""ALL"", ""ALL"", ""ALL""]"	18d6004cede51b0b7af989af5cfadeba1fea0144d95a9e469218d04785ceb823
ruler_vt_16k:0226	ruler_vt_16k	15	0.4	0.8	0.4	"[""L18"", ""L0"", ""L18"", ""L18"", ""L6"", ""L18"", ""L18"", ""L18"", ""L18"", ""L18"", ""L18"", ""L18"", ""L18"", ""L18"", ""L18""]"	012bd9c86e68ebb49da9d4d887c42f9c2d41787f5353e637078c3a703a551303
ruler_vt_16k:0237	ruler_vt_16k	15	0.4	0.8	0.4	"[""L6"", ""ALL"", ""ALL"", ""ALL"", ""ALL"", ""ALL"", ""ALL"", ""ALL"", ""ALL"", ""ALL"", ""ALL"", ""ALL"", ""ALL"", ""ALL"", ""ALL""]"	f02c1e9130b1c976d9ae2399330e871e9a4819a8d86f75c1eca75c3754dd0333
ruler_vt_16k:0240	ruler_vt_16k	15	0.4	1.0	0.6	"[""OFF"", ""L6"", ""OFF"", ""L6"", ""L6"", ""OFF"", ""L6"", ""L6"", ""L0"", ""L6"", ""L6"", ""L6"", ""L6"", ""L6"", ""L6""]"	a7e6e5524119728d3ee30a112d06121c4d14331fd4e63f19a78575243dd2182c
ruler_vt_16k:0270	ruler_vt_16k	15	0.4	0.8	0.4	"[""ALL"", ""L0"", ""L0"", ""L0"", ""L0"", ""L0"", ""L0"", ""L0"", ""L0"", ""L0"", ""L0"", ""L0"", ""L0"", ""L0"", ""L0""]"	6e29b4b9c03a5432b68c3b8fddfb9d159c107f97b9151af0cbee31590d254409
ruler_vt_16k:0272	ruler_vt_16k	15	0.4	0.8	0.4	"[""L18"", ""L6"", ""L18"", ""L18"", ""L18"", ""L18"", ""L18"", ""L18"", ""L18"", ""L18"", ""L18"", ""L18"", ""L18"", ""L18"", ""L18""]"	638af3946ccbb52be2a0f03d64d7542321a836c885aa16771ceb33f7a9f87e38
ruler_vt_16k:0277	ruler_vt_16k	15	0.8	1.0	0.19999999999999996	"[""L24"", ""ALL"", ""ALL"", ""ALL"", ""ALL"", ""ALL"", ""ALL"", ""ALL"", ""ALL"", ""ALL"", ""ALL"", ""ALL"", ""ALL"", ""ALL"", ""ALL""]"	2d5d501cbc62ab7279d598b88dc0ef3fd92e21cebfd7e993a6c0058668f76374
ruler_vt_16k:0279	ruler_vt_16k	15	0.4	1.0	0.6	"[""L0"", ""L12"", ""L12"", ""L12"", ""L12"", ""L12"", ""L12"", ""L12"", ""L12"", ""L12"", ""L12"", ""L12"", ""L12"", ""L12"", ""L12""]"	035e4c00b4050cea7a16440ac5da1e62cc23998d6b0f5f11d4a19800db71ea51
ruler_vt_16k:0286	ruler_vt_16k	15	0.6	0.8	0.20000000000000007	"[""L12"", ""L0"", ""L0"", ""L0"", ""L0"", ""L0"", ""L0"", ""L0"", ""L0"", ""L0"", ""L0"", ""L0"", ""L0"", ""L0"", ""L0""]"	dd77b31640140143e85fb3d2f97febab736beec46aae2a9ae0a27a92ed45f373
ruler_vt_16k:0295	ruler_vt_16k	15	0.4	0.8	0.4	"[""ALL"", ""L24"", ""L24"", ""L24"", ""L24"", ""L24"", ""L24"", ""L24"", ""L24"", ""L24"", ""L24"", ""L24"", ""L24"", ""L24"", ""L24""]"	c7ed114acf95d9632f505aff1cc5272f2231aeaac5e6e096eee604382cdff985
ruler_vt_16k:0299	ruler_vt_16k	15	0.4	1.0	0.6	"[""OFF"", ""OFF"", ""L6"", ""L6"", ""L6"", ""L6"", ""L6"", ""L6"", ""L6"", ""L6"", ""L6"", ""L6"", ""L6"", ""L6"", ""L6""]"	46a327ee6c00094737cd19c885adbd741417ef24c35f5ffd17e6b2a69bdebae6
ruler_vt_16k:0310	ruler_vt_16k	15	0.4	0.8	0.4	"[""L0"", ""L24"", ""L24"", ""L24"", ""L24"", ""L24"", ""L24"", ""L24"", ""L24"", ""L24"", ""L24"", ""L24"", ""L24"", ""L24"", ""L24""]"	03ee23266bd42047c4617521e06fa5d5364ea8d4adb4b700b4b4cd6ce150bd0d
ruler_vt_16k:0317	ruler_vt_16k	15	0.2	0.8	0.6000000000000001	"[""L24"", ""L0"", ""L0"", ""OFF"", ""L18"", ""L18"", ""L0"", ""L0"", ""L0"", ""L0"", ""L0"", ""L0"", ""L0"", ""L0"", ""L0""]"	18ff8bba30fe087b61c7e9f4f519309d3457425bd19278f652c1d6cf64ecb9c0
ruler_vt_16k:0322	ruler_vt_16k	15	0.8	1.0	0.19999999999999996	"[""ALL"", ""OFF"", ""OFF"", ""OFF"", ""OFF"", ""OFF"", ""OFF"", ""OFF"", ""OFF"", ""OFF"", ""OFF"", ""OFF"", ""OFF"", ""OFF"", ""OFF""]"	4bda48a1eefc0722b2d49362ac7aeafe3818d39f2009d9a2b1f31378328bb082
ruler_vt_16k:0323	ruler_vt_16k	15	0.6	0.8	0.20000000000000007	"[""L6"", ""L12"", ""L12"", ""ALL"", ""L18"", ""L12"", ""L12"", ""L12"", ""L12"", ""L12"", ""L12"", ""L12"", ""L12"", ""L12"", ""L12""]"	192532762d01c1a4ed2a51d94904b2703a3cb0d10cf3000d3c3cccb724cb1967
ruler_vt_16k:0333	ruler_vt_16k	15	0.8	1.0	0.19999999999999996	"[""L12"", ""L18"", ""L18"", ""L18"", ""L18"", ""L18"", ""L18"", ""L18"", ""L18"", ""L18"", ""L18"", ""L18"", ""L18"", ""L18"", ""L18""]"	bc23773fdae6fd5283f30e963ed158753e52fb5a3520045a7e12f430c3f795c1
ruler_vt_16k:0342	ruler_vt_16k	15	0.4	0.8	0.4	"[""L12"", ""OFF"", ""OFF"", ""OFF"", ""OFF"", ""OFF"", ""OFF"", ""OFF"", ""OFF"", ""OFF"", ""OFF"", ""OFF"", ""OFF"", ""OFF"", ""OFF""]"	aff1f4947c6818cda21771542d4e23bfb027e78622be695b5a2686bacdc8bbf6
ruler_vt_16k:0352	ruler_vt_16k	15	0.4	0.8	0.4	"[""L6"", ""ALL"", ""ALL"", ""ALL"", ""ALL"", ""ALL"", ""ALL"", ""ALL"", ""ALL"", ""ALL"", ""ALL"", ""ALL"", ""ALL"", ""ALL"", ""ALL""]"	0da6904ddfaf0191eb683e88525bea73714caf627e0ba8eaf8ffe645572409d5
ruler_vt_16k:0358	ruler_vt_16k	15	0.8	1.0	0.19999999999999996	"[""L18"", ""L24"", ""L24"", ""L24"", ""L24"", ""L24"", ""L24"", ""L24"", ""L24"", ""L24"", ""L24"", ""L24"", ""L24"", ""L24"", ""L24""]"	1a285ce4a02a075c063a4709078c4a4bc13029179ddc0876dd29a6a86d157ac0
ruler_vt_16k:0362	ruler_vt_16k	15	0.4	0.8	0.4	"[""ALL"", ""L12"", ""L12"", ""L12"", ""L12"", ""L12"", ""L12"", ""L12"", ""L12"", ""L12"", ""L12"", ""L12"", ""L12"", ""L12"", ""L12""]"	a423ea2b352f3ee7a4bfb43b6dc41353eebfd96d4196e4fed35a556866cb3f96
ruler_vt_16k:0372	ruler_vt_16k	15	0.8	1.0	0.19999999999999996	"[""L0"", ""L12"", ""L12"", ""L12"", ""L12"", ""L12"", ""L12"", ""L12"", ""L12"", ""L12"", ""L12"", ""L12"", ""L12"", ""L12"", ""L12""]"	3f99492ae3efcc7d6725f85a71c8d2809e010d38a476d5ee410a87be371eb166
ruler_vt_16k:0373	ruler_vt_16k	15	0.2	0.8	0.6000000000000001	"[""ALL"", ""L12"", ""L12"", ""L12"", ""L12"", ""L12"", ""L12"", ""L12"", ""L12"", ""L12"", ""L12"", ""L12"", ""L12"", ""L12"", ""L12""]"	8f075e0127208605dfb2d176a3944d9b40e0cbfd2a045f02d538f3f1110e3692
ruler_vt_16k:0376	ruler_vt_16k	15	0.4	0.8	0.4	"[""L6"", ""L12"", ""L12"", ""ALL"", ""L12"", ""ALL"", ""L12"", ""L12"", ""L12"", ""L12"", ""L12"", ""L12"", ""L12"", ""L12"", ""L12""]"	e0810aa921e70c3c0c26684bc3ed751d4e84aeceb8b36f3bbabbbca481fe9e6d
ruler_vt_16k:0381	ruler_vt_16k	15	0.4	0.8	0.4	"[""L6"", ""L6"", ""L12"", ""L12"", ""L12"", ""L12"", ""L12"", ""L12"", ""L12"", ""L12"", ""L12"", ""L12"", ""L12"", ""L12"", ""L12""]"	2b781f34aab6a1e9508c6180022e502c27dcbe35356cc4204f7c5b96850cc6c7
ruler_vt_16k:0394	ruler_vt_16k	15	0.4	0.8	0.4	"[""L6"", ""L12"", ""L12"", ""ALL"", ""L12"", ""L12"", ""L6"", ""L12"", ""L12"", ""L12"", ""L12"", ""L12"", ""L12"", ""L12"", ""L12""]"	e123dce99bede59a71feb1c603a9b806b06a9659306270346c3b1f42abed5e06
ruler_vt_16k:0396	ruler_vt_16k	15	0.8	1.0	0.19999999999999996	"[""L18"", ""L0"", ""L18"", ""L24"", ""L18"", ""L18"", ""L18"", ""L18"", ""L18"", ""L18"", ""L18"", ""L18"", ""L18"", ""L18"", ""L18""]"	3ffaf30b07089e0c33d7d929e73a89bf3624c7ead568cb5f77fe8fd7c8514228
ruler_vt_16k:0400	ruler_vt_16k	15	0.6	1.0	0.4	"[""OFF"", ""OFF"", ""L12"", ""L12"", ""L12"", ""L12"", ""L12"", ""L12"", ""L12"", ""L12"", ""L12"", ""L12"", ""L12"", ""L12"", ""L12""]"	17909183c1a4f3118e2da22ff46bb35ea55c67375b1c59a39433b66bc97c5ad4
ruler_vt_16k:0404	ruler_vt_16k	15	0.4	0.8	0.4	"[""OFF"", ""L6"", ""OFF"", ""L24"", ""L6"", ""L6"", ""L6"", ""L6"", ""L6"", ""L6"", ""L6"", ""L6"", ""L6"", ""L6"", ""L6""]"	a9de70e130c3be7da34ac2bf218105d9feba1306623432322042a4980580116a
ruler_vt_16k:0405	ruler_vt_16k	15	0.6	0.8	0.20000000000000007	"[""L18"", ""ALL"", ""L24"", ""L6"", ""OFF"", ""OFF"", ""OFF"", ""OFF"", ""OFF"", ""OFF"", ""OFF"", ""OFF"", ""OFF"", ""OFF"", ""OFF""]"	1160a923814f11dc217aaf58f079349eada1119db5c55a9fb5086a91797793ae
ruler_vt_16k:0416	ruler_vt_16k	15	0.4	0.8	0.4	"[""OFF"", ""OFF"", ""L0"", ""L0"", ""L0"", ""L0"", ""L0"", ""L0"", ""L0"", ""L0"", ""L0"", ""L0"", ""L0"", ""L0"", ""L0""]"	5dbf348be01540cfd8de207a248abdbec0e8165721b059616ccb214f5dd906e3
ruler_vt_16k:0418	ruler_vt_16k	15	0.4	0.8	0.4	"[""L0"", ""L12"", ""L12"", ""L12"", ""L12"", ""L12"", ""L12"", ""L12"", ""L12"", ""L12"", ""L12"", ""L12"", ""L12"", ""L12"", ""L12""]"	edbb62e23b60fc84637b0539cebd37965d17109bf1b1dec4d08bdc85e4845aeb
ruler_vt_16k:0420	ruler_vt_16k	15	0.4	0.8	0.4	"[""ALL"", ""L0"", ""L0"", ""L0"", ""L0"", ""L0"", ""L0"", ""L0"", ""L0"", ""L0"", ""L0"", ""L0"", ""L0"", ""L0"", ""L0""]"	acb71926adca766341897f5df05f2ec9174feee78ae103babc231884502b93f1
ruler_vt_16k:0421	ruler_vt_16k	15	0.2	0.8	0.6000000000000001	"[""L6"", ""L12"", ""L12"", ""ALL"", ""L18"", ""L12"", ""L12"", ""L12"", ""L12"", ""L12"", ""L12"", ""L12"", ""L12"", ""L12"", ""L12""]"	de9578d1a7fdb19ae80fea36e11d7c2efc34d6bfee68f3dd6db1a9603d705375
ruler_vt_16k:0422	ruler_vt_16k	15	0.4	1.0	0.6	"[""OFF"", ""L0"", ""L18"", ""L18"", ""L18"", ""L18"", ""L18"", ""L18"", ""L18"", ""L18"", ""L18"", ""L18"", ""L18"", ""L18"", ""L18""]"	0d7bd3f9e6a8a6fe9768fca906ed7ef5cff37c2420572fa4278a2edef50da780
ruler_vt_16k:0425	ruler_vt_16k	15	0.4	0.8	0.4	"[""L12"", ""L0"", ""L0"", ""L0"", ""L0"", ""L0"", ""L0"", ""L0"", ""L0"", ""L0"", ""L0"", ""L0"", ""L0"", ""L0"", ""L0""]"	08bf028ff2cd1327a941561822ae1f281b6ce8453eb38b457c600543d21b00b2
ruler_vt_16k:0445	ruler_vt_16k	15	0.4	0.8	0.4	"[""L0"", ""L24"", ""L24"", ""L24"", ""L24"", ""L24"", ""L24"", ""L24"", ""L24"", ""L24"", ""L24"", ""L24"", ""L24"", ""L24"", ""L24""]"	bf828f0c1efa6934f92397acccd9dac50559bf6e383c3835a5e6512a873818fd
ruler_vt_16k:0451	ruler_vt_16k	15	0.4	0.8	0.4	"[""L0"", ""L18"", ""L18"", ""L18"", ""L18"", ""L18"", ""L18"", ""L18"", ""L18"", ""L18"", ""L18"", ""L18"", ""L18"", ""L18"", ""L18""]"	4b7d140d3d5918b4ae175d0f7317986cdd1076210d63b1c96d0199e87544d297
ruler_vt_16k:0454	ruler_vt_16k	15	0.8	1.0	0.19999999999999996	"[""L12"", ""L18"", ""L18"", ""L18"", ""L18"", ""L18"", ""L18"", ""L18"", ""L18"", ""L18"", ""L18"", ""L18"", ""L18"", ""L18"", ""L18""]"	822f5542979589ca12acb7c760293403b92cebd8eddedbef0450661b7c14c158
ruler_vt_16k:0456	ruler_vt_16k	15	0.4	0.8	0.4	"[""ALL"", ""OFF"", ""OFF"", ""OFF"", ""OFF"", ""OFF"", ""OFF"", ""OFF"", ""OFF"", ""OFF"", ""OFF"", ""OFF"", ""OFF"", ""OFF"", ""OFF""]"	24bfab0ace9eaface72e61cc6a9e86572897b454d17f0e78f96404fda0524fb9
ruler_vt_16k:0470	ruler_vt_16k	15	0.4	0.8	0.4	"[""L6"", ""OFF"", ""OFF"", ""OFF"", ""OFF"", ""OFF"", ""OFF"", ""OFF"", ""OFF"", ""OFF"", ""OFF"", ""OFF"", ""OFF"", ""OFF"", ""OFF""]"	c853208a765083bc30598c131af0dfb1ee67d6b635bfc96784dd24f74e33cd7a
ruler_vt_16k:0477	ruler_vt_16k	15	0.8	1.0	0.19999999999999996	"[""L0"", ""L24"", ""L24"", ""L24"", ""L24"", ""L24"", ""L24"", ""L24"", ""L24"", ""L24"", ""L24"", ""L24"", ""L24"", ""L24"", ""L24""]"	1d9b89c131ce02882b82de88ebf2c719b5ae3454635dca4ca79a5599c0a0b2e6
ruler_vt_16k:0485	ruler_vt_16k	15	0.6	0.8	0.20000000000000007	"[""OFF"", ""ALL"", ""L24"", ""L0"", ""ALL"", ""ALL"", ""ALL"", ""ALL"", ""ALL"", ""ALL"", ""ALL"", ""ALL"", ""ALL"", ""ALL"", ""ALL""]"	5c6827d21e81b572539aef304b6f8f535805f535a7d83db9526b0e7587dedab4
ruler_vt_16k:0499	ruler_vt_16k	15	0.4	0.8	0.4	"[""L18"", ""L0"", ""L0"", ""L0"", ""L0"", ""L0"", ""L0"", ""L0"", ""L0"", ""L0"", ""L0"", ""L0"", ""L0"", ""L0"", ""L0""]"	fa1c2891fa8c8f8569cbede2b9f6f1648758b6d0fe00d8c296f93ec10c0d68c8
