sample_id,task,set,native_switches,native_matched,candidate_n,early,late,joint,joint_any,joint_all,joint_odd_split,modal_overlap,uniform_42_pair_joint_baseline,reverse_mean_delta,reverse_positive_fraction,reverse_equal_fraction,reverse_min_delta,reverse_max_delta,reverse_all_positive,tau_mean_norm,distance_first_mean_norm,distance_last_mean_norm
ruler_vt_16k:0270,ruler_vt_16k,best,1,True,5,0.0,0.4,0.0,False,False,0.0,True,0.0,0.4,1.0,0.0,0.4,0.4,True,0.4533333333333333,0.38666666666666666,0.38666666666666666
ruler_vt_16k:0270,ruler_vt_16k,match,1,True,5,0.0,0.4,0.0,False,False,0.0,True,0.0,0.4,1.0,0.0,0.4,0.4,True,0.4533333333333333,0.38666666666666666,0.38666666666666666
ruler_niah_multikey_3_16k:0202,ruler_niah_multikey_3_16k,best,2,False,588,0.14285714285714285,0.14285714285714285,0.0,False,False,0.0,True,0.0,0.0,0.0,1.0,0.0,0.0,False,0.5,0.4333333333333333,0.3761904761904762
ruler_niah_multikey_3_16k:0464,ruler_niah_multikey_3_16k,best,6,False,588,0.2857142857142857,0.14285714285714285,0.023809523809523808,True,False,0.0,True,0.023809523809523808,0.0,0.0,1.0,0.0,0.0,False,0.5,0.4333333333333333,0.23333333333333336
ruler_qa_squad_16k:0033,ruler_qa_squad_16k,best,2,True,3,0.3333333333333333,0.6666666666666666,0.0,False,False,0.0,True,0.0,1.0,1.0,0.0,1.0,1.0,True,0.23809523809523805,0.16666666666666666,0.07142857142857142
ruler_qa_squad_16k:0033,ruler_qa_squad_16k,match,2,True,3,0.3333333333333333,0.6666666666666666,0.0,False,False,0.0,True,0.0,1.0,1.0,0.0,1.0,1.0,True,0.23809523809523805,0.16666666666666666,0.07142857142857142
ruler_niah_multiquery_16k:0082,ruler_niah_multiquery_16k,best,5,True,24,0.125,0.3333333333333333,0.041666666666666664,True,False,0.041666666666666664,False,0.023809523809523808,0.25,1.0,0.0,0.25,0.25,True,0.6916666666666668,0.625,0.3083333333333333
ruler_niah_multiquery_16k:0082,ruler_niah_multiquery_16k,match,5,True,24,0.125,0.3333333333333333,0.041666666666666664,True,False,0.041666666666666664,False,0.023809523809523808,0.25,1.0,0.0,0.25,0.25,True,0.6916666666666668,0.625,0.3083333333333333
ruler_qa_hotpotqa_16k:0191,ruler_qa_hotpotqa_16k,best,3,False,504,0.14285714285714285,0.14285714285714285,0.0,False,False,0.0,True,0.0,0.0,0.0,1.0,0.0,0.0,False,0.49999999999999994,0.42307692307692313,0.30769230769230765
ruler_niah_multivalue_16k:0060,ruler_niah_multivalue_16k,best,1,True,24,0.4166666666666667,0.2916666666666667,0.0,False,False,0.0,True,0.0,0.25,1.0,0.0,0.25,0.25,True,0.38888888888888884,0.32222222222222224,0.32222222222222224
ruler_niah_multivalue_16k:0060,ruler_niah_multivalue_16k,match,1,True,24,0.4166666666666667,0.2916666666666667,0.0,False,False,0.0,True,0.0,0.25,1.0,0.0,0.25,0.25,True,0.38888888888888884,0.32222222222222224,0.32222222222222224
ruler_niah_multivalue_16k:0245,ruler_niah_multivalue_16k,best,1,True,2,0.5,0.5,0.0,False,False,0.0,True,0.0,0.25,1.0,0.0,0.25,0.25,True,0.36666666666666664,0.3,0.3
ruler_niah_multivalue_16k:0245,ruler_niah_multivalue_16k,match,1,True,2,0.5,0.5,0.0,False,False,0.0,True,0.0,0.25,1.0,0.0,0.25,0.25,True,0.36666666666666664,0.3,0.3
ruler_vt_16k:0165,ruler_vt_16k,best,7,True,2,0.0,0.0,0.0,False,False,0.0,True,0.0,0.19999999999999996,1.0,0.0,0.19999999999999996,0.19999999999999996,True,0.7333333333333334,0.6666666666666667,0.13333333333333333
ruler_vt_16k:0165,ruler_vt_16k,match,7,True,2,0.0,0.0,0.0,False,False,0.0,True,0.0,0.19999999999999996,1.0,0.0,0.19999999999999996,0.19999999999999996,True,0.7333333333333334,0.6666666666666667,0.13333333333333333
ruler_vt_16k:0199,ruler_vt_16k,best,2,True,29,0.1724137931034483,0.06896551724137931,0.0,False,False,0.0,True,0.0,0.18620689655172412,0.9310344827586207,0.06896551724137931,0.0,0.19999999999999996,False,0.4804597701149427,0.4137931034482759,0.34712643678160915
ruler_vt_16k:0199,ruler_vt_16k,match,2,True,29,0.1724137931034483,0.06896551724137931,0.0,False,False,0.0,True,0.0,0.18620689655172412,0.9310344827586207,0.06896551724137931,0.0,0.19999999999999996,False,0.4804597701149427,0.4137931034482759,0.34712643678160915
ruler_niah_multiquery_16k:0131,ruler_niah_multiquery_16k,best,1,True,12,0.3333333333333333,0.4166666666666667,0.0,False,False,0.0,True,0.0,0.25,1.0,0.0,0.25,0.25,True,0.25555555555555554,0.18888888888888888,0.18888888888888888
ruler_niah_multiquery_16k:0131,ruler_niah_multiquery_16k,match,1,True,12,0.3333333333333333,0.4166666666666667,0.0,False,False,0.0,True,0.0,0.25,1.0,0.0,0.25,0.25,True,0.25555555555555554,0.18888888888888888,0.18888888888888888
ruler_niah_multiquery_16k:0129,ruler_niah_multiquery_16k,best,1,True,4,0.5,0.25,0.0,False,False,0.0,True,0.0,0.25,1.0,0.0,0.25,0.25,True,0.5166666666666666,0.44999999999999996,0.44999999999999996
ruler_niah_multiquery_16k:0129,ruler_niah_multiquery_16k,match,1,True,4,0.5,0.25,0.0,False,False,0.0,True,0.0,0.25,1.0,0.0,0.25,0.25,True,0.5166666666666666,0.44999999999999996,0.44999999999999996
ruler_niah_multikey_2_16k:0116,ruler_niah_multikey_2_16k,best,1,True,27,0.1111111111111111,0.2222222222222222,0.0,False,False,0.0,True,0.0,0.9259259259259259,0.9259259259259259,0.07407407407407407,0.0,1.0,False,0.5135802469135802,0.4469135802469136,0.4469135802469136
ruler_niah_multikey_2_16k:0116,ruler_niah_multikey_2_16k,match,1,True,27,0.1111111111111111,0.2222222222222222,0.0,False,False,0.0,True,0.0,0.9259259259259259,0.9259259259259259,0.07407407407407407,0.0,1.0,False,0.5135802469135802,0.4469135802469136,0.4469135802469136
ruler_niah_multikey_2_16k:0331,ruler_niah_multikey_2_16k,best,1,True,26,0.07692307692307693,0.07692307692307693,0.0,False,False,0.0,True,0.0,1.0,1.0,0.0,1.0,1.0,True,0.33589743589743587,0.2692307692307693,0.2692307692307693
ruler_niah_multikey_2_16k:0331,ruler_niah_multikey_2_16k,match,1,True,26,0.07692307692307693,0.07692307692307693,0.0,False,False,0.0,True,0.0,1.0,1.0,0.0,1.0,1.0,True,0.33589743589743587,0.2692307692307693,0.2692307692307693
ruler_vt_16k:0376,ruler_vt_16k,best,5,True,4,0.25,0.0,0.0,False,False,0.0,True,0.0,0.4,1.0,0.0,0.4,0.4,True,0.3833333333333333,0.31666666666666665,0.25
ruler_vt_16k:0376,ruler_vt_16k,match,5,True,4,0.25,0.0,0.0,False,False,0.0,True,0.0,0.4,1.0,0.0,0.4,0.4,True,0.3833333333333333,0.31666666666666665,0.25
ruler_niah_multikey_2_16k:0482,ruler_niah_multikey_2_16k,best,1,True,44,0.3181818181818182,0.1590909090909091,0.0,False,False,0.0,True,0.0,0.9545454545454546,0.9545454545454546,0.045454545454545456,0.0,1.0,False,0.4454545454545455,0.37878787878787873,0.37878787878787873
ruler_niah_multikey_2_16k:0482,ruler_niah_multikey_2_16k,match,1,True,44,0.3181818181818182,0.1590909090909091,0.0,False,False,0.0,True,0.0,0.9545454545454546,0.9545454545454546,0.045454545454545456,0.0,1.0,False,0.4454545454545455,0.37878787878787873,0.37878787878787873
ruler_niah_multiquery_16k:0381,ruler_niah_multiquery_16k,best,1,True,7,0.14285714285714285,0.42857142857142855,0.0,False,False,0.0,True,0.0,0.25,1.0,0.0,0.25,0.25,True,0.4095238095238095,0.34285714285714286,0.34285714285714286
ruler_niah_multiquery_16k:0381,ruler_niah_multiquery_16k,match,1,True,7,0.14285714285714285,0.42857142857142855,0.0,False,False,0.0,True,0.0,0.25,1.0,0.0,0.25,0.25,True,0.4095238095238095,0.34285714285714286,0.34285714285714286
ruler_vt_16k:0342,ruler_vt_16k,best,1,True,116,0.06896551724137931,0.14655172413793102,0.0,False,False,0.0,True,0.0,0.31034482758620685,0.7758620689655172,0.22413793103448276,0.0,0.4,False,0.44597701149425284,0.3793103448275862,0.3793103448275862
ruler_vt_16k:0342,ruler_vt_16k,match,1,True,116,0.06896551724137931,0.14655172413793102,0.0,False,False,0.0,True,0.0,0.31034482758620685,0.7758620689655172,0.22413793103448276,0.0,0.4,False,0.44597701149425284,0.3793103448275862,0.3793103448275862
ruler_vt_16k:0394,ruler_vt_16k,best,5,True,1,0.0,0.0,0.0,False,False,0.0,True,0.0,0.4,1.0,0.0,0.4,0.4,True,0.4666666666666667,0.4,0.0
ruler_vt_16k:0394,ruler_vt_16k,match,5,True,1,0.0,0.0,0.0,False,False,0.0,True,0.0,0.4,1.0,0.0,0.4,0.4,True,0.4666666666666667,0.4,0.0
ruler_niah_multiquery_16k:0100,ruler_niah_multiquery_16k,best,1,True,30,0.16666666666666666,0.2,0.0,False,False,0.0,True,0.0,0.23333333333333334,0.9333333333333333,0.06666666666666667,0.0,0.25,False,0.3911111111111111,0.3244444444444444,0.3244444444444444
ruler_niah_multiquery_16k:0100,ruler_niah_multiquery_16k,match,1,True,30,0.16666666666666666,0.2,0.0,False,False,0.0,True,0.0,0.23333333333333334,0.9333333333333333,0.06666666666666667,0.0,0.25,False,0.3911111111111111,0.3244444444444444,0.3244444444444444
ruler_niah_multiquery_16k:0147,ruler_niah_multiquery_16k,best,1,True,10,0.0,0.1,0.0,False,False,0.0,True,0.0,0.25,1.0,0.0,0.25,0.25,True,0.41999999999999993,0.35333333333333333,0.35333333333333333
ruler_niah_multiquery_16k:0147,ruler_niah_multiquery_16k,match,1,True,10,0.0,0.1,0.0,False,False,0.0,True,0.0,0.25,1.0,0.0,0.25,0.25,True,0.41999999999999993,0.35333333333333333,0.35333333333333333
ruler_vt_16k:0372,ruler_vt_16k,best,1,True,28,0.10714285714285714,0.03571428571428571,0.0,False,False,0.0,True,0.0,0.19999999999999998,0.9285714285714286,0.07142857142857142,0.0,0.6,False,0.5428571428571429,0.4761904761904763,0.4761904761904763
ruler_vt_16k:0372,ruler_vt_16k,match,1,True,28,0.10714285714285714,0.03571428571428571,0.0,False,False,0.0,True,0.0,0.19999999999999998,0.9285714285714286,0.07142857142857142,0.0,0.6,False,0.5428571428571429,0.4761904761904763,0.4761904761904763
ruler_fwe_16k:0373,ruler_fwe_16k,best,1,True,3,0.0,0.3333333333333333,0.0,False,False,0.0,True,0.0,0.3333333333333333,1.0,0.0,0.33333333333333337,0.33333333333333337,True,0.5111111111111111,0.4444444444444444,0.4444444444444444
ruler_fwe_16k:0373,ruler_fwe_16k,match,1,True,3,0.0,0.3333333333333333,0.0,False,False,0.0,True,0.0,0.3333333333333333,1.0,0.0,0.33333333333333337,0.33333333333333337,True,0.5111111111111111,0.4444444444444444,0.4444444444444444
ruler_niah_multikey_3_16k:0212,ruler_niah_multikey_3_16k,best,1,True,53,0.05660377358490566,0.16981132075471697,0.0,False,False,0.0,True,0.0,0.9245283018867925,0.9245283018867925,0.07547169811320754,0.0,1.0,False,0.40970350404312655,0.2857142857142857,0.2857142857142857
ruler_niah_multikey_3_16k:0212,ruler_niah_multikey_3_16k,match,1,True,53,0.05660377358490566,0.16981132075471697,0.0,False,False,0.0,True,0.0,0.9245283018867925,0.9245283018867925,0.07547169811320754,0.0,1.0,False,0.40970350404312655,0.2857142857142857,0.2857142857142857
ruler_vt_16k:0139,ruler_vt_16k,best,2,True,8,0.125,0.25,0.0,False,False,0.0,True,0.0,0.6,1.0,0.0,0.6,0.6,True,0.46666666666666673,0.4,0.33333333333333337
ruler_vt_16k:0139,ruler_vt_16k,match,2,True,8,0.125,0.25,0.0,False,False,0.0,True,0.0,0.6,1.0,0.0,0.6,0.6,True,0.46666666666666673,0.4,0.33333333333333337
ruler_vt_16k:0299,ruler_vt_16k,best,1,True,35,0.22857142857142856,0.2857142857142857,0.0,False,False,0.0,True,0.0,0.5657142857142858,0.9428571428571428,0.05714285714285714,0.0,0.6,False,0.4019047619047619,0.26857142857142857,0.26857142857142857
ruler_vt_16k:0299,ruler_vt_16k,match,1,True,35,0.22857142857142856,0.2857142857142857,0.0,False,False,0.0,True,0.0,0.5657142857142858,0.9428571428571428,0.05714285714285714,0.0,0.6,False,0.4019047619047619,0.26857142857142857,0.26857142857142857
ruler_niah_multikey_3_16k:0138,ruler_niah_multikey_3_16k,best,1,True,108,0.08333333333333333,0.12962962962962962,0.0,False,False,0.0,True,0.0,0.7777777777777778,0.7777777777777778,0.2222222222222222,0.0,1.0,False,0.4438271604938271,0.3141975308641975,0.3141975308641975
ruler_niah_multikey_3_16k:0138,ruler_niah_multikey_3_16k,match,1,True,108,0.08333333333333333,0.12962962962962962,0.0,False,False,0.0,True,0.0,0.7777777777777778,0.7777777777777778,0.2222222222222222,0.0,1.0,False,0.4438271604938271,0.3141975308641975,0.3141975308641975
ruler_fwe_16k:0488,ruler_fwe_16k,best,1,True,17,0.17647058823529413,0.17647058823529413,0.0,False,False,0.0,True,0.0,0.33333333333333337,1.0,0.0,0.33333333333333337,0.33333333333333337,True,0.49411764705882355,0.42745098039215684,0.42745098039215684
ruler_fwe_16k:0488,ruler_fwe_16k,match,1,True,17,0.17647058823529413,0.17647058823529413,0.0,False,False,0.0,True,0.0,0.33333333333333337,1.0,0.0,0.33333333333333337,0.33333333333333337,True,0.49411764705882355,0.42745098039215684,0.42745098039215684
ruler_vt_16k:0425,ruler_vt_16k,best,1,True,33,0.06060606060606061,0.3333333333333333,0.0,False,False,0.0,True,0.0,0.4,1.0,0.0,0.4,0.4,True,0.44242424242424244,0.37575757575757573,0.37575757575757573
ruler_vt_16k:0425,ruler_vt_16k,match,1,True,33,0.06060606060606061,0.3333333333333333,0.0,False,False,0.0,True,0.0,0.4,1.0,0.0,0.4,0.4,True,0.44242424242424244,0.37575757575757573,0.37575757575757573
ruler_vt_16k:0048,ruler_vt_16k,best,1,True,20,0.1,0.2,0.0,False,False,0.0,True,0.0,0.20000000000000004,1.0,0.0,0.2,0.2,True,0.4,0.33333333333333337,0.33333333333333337
ruler_vt_16k:0048,ruler_vt_16k,match,1,True,20,0.1,0.2,0.0,False,False,0.0,True,0.0,0.20000000000000004,1.0,0.0,0.2,0.2,True,0.4,0.33333333333333337,0.33333333333333337
ruler_qa_hotpotqa_16k:0493,ruler_qa_hotpotqa_16k,best,1,True,7,0.2857142857142857,0.2857142857142857,0.0,False,False,0.0,True,0.0,1.0,1.0,0.0,1.0,1.0,True,0.21904761904761902,0.15238095238095237,0.15238095238095237
ruler_qa_hotpotqa_16k:0493,ruler_qa_hotpotqa_16k,match,1,True,7,0.2857142857142857,0.2857142857142857,0.0,False,False,0.0,True,0.0,1.0,1.0,0.0,1.0,1.0,True,0.21904761904761902,0.15238095238095237,0.15238095238095237
ruler_vt_16k:0164,ruler_vt_16k,best,1,True,11,0.18181818181818182,0.2727272727272727,0.0,False,False,0.0,True,0.0,0.2000000000000001,1.0,0.0,0.20000000000000007,0.20000000000000007,True,0.6363636363636364,0.5696969696969698,0.5696969696969698
ruler_vt_16k:0164,ruler_vt_16k,match,1,True,11,0.18181818181818182,0.2727272727272727,0.0,False,False,0.0,True,0.0,0.2000000000000001,1.0,0.0,0.20000000000000007,0.20000000000000007,True,0.6363636363636364,0.5696969696969698,0.5696969696969698
ruler_qa_hotpotqa_16k:0348,ruler_qa_hotpotqa_16k,best,1,True,18,0.0,0.16666666666666666,0.0,False,False,0.0,True,0.0,1.0,1.0,0.0,1.0,1.0,True,0.3214285714285714,0.25,0.25
ruler_qa_hotpotqa_16k:0348,ruler_qa_hotpotqa_16k,match,1,True,18,0.0,0.16666666666666666,0.0,False,False,0.0,True,0.0,1.0,1.0,0.0,1.0,1.0,True,0.3214285714285714,0.25,0.25
ruler_vt_16k:0091,ruler_vt_16k,best,4,True,9,0.1111111111111111,0.2222222222222222,0.0,False,False,0.0,True,0.0,0.20000000000000007,1.0,0.0,0.20000000000000007,0.20000000000000007,True,0.6518518518518519,0.5851851851851853,0.29629629629629634
ruler_vt_16k:0091,ruler_vt_16k,match,4,True,9,0.1111111111111111,0.2222222222222222,0.0,False,False,0.0,True,0.0,0.20000000000000007,1.0,0.0,0.20000000000000007,0.20000000000000007,True,0.6518518518518519,0.5851851851851853,0.29629629629629634
ruler_vt_16k:0272,ruler_vt_16k,best,2,True,15,0.06666666666666667,0.13333333333333333,0.0,False,False,0.0,True,0.0,0.40000000000000013,1.0,0.0,0.4,0.4,True,0.5511111111111112,0.48444444444444446,0.41777777777777775
ruler_vt_16k:0272,ruler_vt_16k,match,2,True,15,0.06666666666666667,0.13333333333333333,0.0,False,False,0.0,True,0.0,0.40000000000000013,1.0,0.0,0.4,0.4,True,0.5511111111111112,0.48444444444444446,0.41777777777777775
ruler_vt_16k:0240,ruler_vt_16k,best,7,False,588,0.14285714285714285,0.14285714285714285,0.0,False,False,0.0,True,0.0,0.0,0.0,1.0,0.0,0.0,False,0.5,0.4333333333333333,0.24285714285714283
ruler_vt_16k:0405,ruler_vt_16k,best,4,True,3,0.0,0.6666666666666666,0.0,False,False,0.0,True,0.0,0.2666666666666667,1.0,0.0,0.20000000000000007,0.4,True,0.37777777777777777,0.3111111111111111,0.19999999999999998
ruler_vt_16k:0405,ruler_vt_16k,match,4,True,3,0.0,0.6666666666666666,0.0,False,False,0.0,True,0.0,0.2666666666666667,1.0,0.0,0.20000000000000007,0.4,True,0.37777777777777777,0.3111111111111111,0.19999999999999998
ruler_niah_multikey_3_16k:0220,ruler_niah_multikey_3_16k,best,1,True,22,0.22727272727272727,0.3181818181818182,0.0,False,False,0.0,True,0.0,0.9090909090909091,0.9090909090909091,0.09090909090909091,0.0,1.0,False,0.3060606060606061,0.23939393939393938,0.23939393939393938
ruler_niah_multikey_3_16k:0220,ruler_niah_multikey_3_16k,match,1,True,22,0.22727272727272727,0.3181818181818182,0.0,False,False,0.0,True,0.0,0.9090909090909091,0.9090909090909091,0.09090909090909091,0.0,1.0,False,0.3060606060606061,0.23939393939393938,0.23939393939393938
ruler_vt_16k:0400,ruler_vt_16k,best,1,True,57,0.21052631578947367,0.12280701754385964,0.0,False,False,0.0,True,0.0,0.6035087719298244,0.8947368421052632,0.10526315789473684,0.0,0.8,False,0.5929824561403508,0.4619883040935673,0.4619883040935673
ruler_vt_16k:0400,ruler_vt_16k,match,1,True,57,0.21052631578947367,0.12280701754385964,0.0,False,False,0.0,True,0.0,0.6035087719298244,0.8947368421052632,0.10526315789473684,0.0,0.8,False,0.5929824561403508,0.4619883040935673,0.4619883040935673
ruler_vt_16k:0470,ruler_vt_16k,best,1,True,1,0.0,1.0,0.0,False,False,0.0,True,0.0,0.4,1.0,0.0,0.4,0.4,True,0.06666666666666667,0.0,0.0
ruler_vt_16k:0470,ruler_vt_16k,match,1,True,1,0.0,1.0,0.0,False,False,0.0,True,0.0,0.4,1.0,0.0,0.4,0.4,True,0.06666666666666667,0.0,0.0
ruler_fwe_16k:0227,ruler_fwe_16k,best,3,True,3,0.0,0.0,0.0,False,False,0.0,True,0.0,0.3333333333333333,1.0,0.0,0.33333333333333337,0.33333333333333337,True,0.35555555555555557,0.2888888888888889,0.19999999999999998
ruler_fwe_16k:0227,ruler_fwe_16k,match,3,True,3,0.0,0.0,0.0,False,False,0.0,True,0.0,0.3333333333333333,1.0,0.0,0.33333333333333337,0.33333333333333337,True,0.35555555555555557,0.2888888888888889,0.19999999999999998
ruler_vt_16k:0421,ruler_vt_16k,best,4,True,2,0.0,0.0,0.0,False,False,0.0,True,0.0,0.6000000000000001,1.0,0.0,0.6000000000000001,0.6000000000000001,True,0.7666666666666666,0.7,0.43333333333333335
ruler_vt_16k:0421,ruler_vt_16k,match,4,True,2,0.0,0.0,0.0,False,False,0.0,True,0.0,0.6000000000000001,1.0,0.0,0.6000000000000001,0.6000000000000001,True,0.7666666666666666,0.7,0.43333333333333335
ruler_niah_multikey_3_16k:0253,ruler_niah_multikey_3_16k,best,4,True,32,0.09375,0.15625,0.0,False,False,0.0,True,0.0,0.75,0.75,0.25,0.0,1.0,False,0.4308035714285714,0.359375,0.140625
ruler_niah_multikey_3_16k:0253,ruler_niah_multikey_3_16k,match,4,True,32,0.09375,0.15625,0.0,False,False,0.0,True,0.0,0.75,0.75,0.25,0.0,1.0,False,0.4308035714285714,0.359375,0.140625
ruler_qa_squad_16k:0161,ruler_qa_squad_16k,best,3,True,1,0.0,0.0,0.0,False,False,0.0,False,0.023809523809523808,1.0,1.0,0.0,1.0,1.0,True,0.4166666666666667,0.3333333333333333,0.08333333333333333
ruler_qa_squad_16k:0161,ruler_qa_squad_16k,match,3,True,1,0.0,0.0,0.0,False,False,0.0,False,0.023809523809523808,1.0,1.0,0.0,1.0,1.0,True,0.4166666666666667,0.3333333333333333,0.08333333333333333
ruler_fwe_16k:0472,ruler_fwe_16k,best,5,True,4,0.0,0.25,0.0,False,False,0.0,True,0.0,0.33333333333333337,1.0,0.0,0.33333333333333337,0.33333333333333337,True,0.6071428571428571,0.5357142857142857,0.3214285714285714
ruler_fwe_16k:0472,ruler_fwe_16k,match,5,True,4,0.0,0.25,0.0,False,False,0.0,True,0.0,0.33333333333333337,1.0,0.0,0.33333333333333337,0.33333333333333337,True,0.6071428571428571,0.5357142857142857,0.3214285714285714
ruler_vt_16k:0362,ruler_vt_16k,best,1,True,19,0.10526315789473684,0.05263157894736842,0.0,False,False,0.0,True,0.0,0.3578947368421053,0.8947368421052632,0.10526315789473684,0.0,0.4,False,0.4140350877192982,0.3473684210526316,0.3473684210526316
ruler_vt_16k:0362,ruler_vt_16k,match,1,True,19,0.10526315789473684,0.05263157894736842,0.0,False,False,0.0,True,0.0,0.3578947368421053,0.8947368421052632,0.10526315789473684,0.0,0.4,False,0.4140350877192982,0.3473684210526316,0.3473684210526316
ruler_fwe_16k:0351,ruler_fwe_16k,best,5,True,1,0.0,0.0,0.0,False,False,0.0,True,0.0,0.33333333333333337,1.0,0.0,0.33333333333333337,0.33333333333333337,True,0.7333333333333333,0.6666666666666666,0.13333333333333333
ruler_fwe_16k:0351,ruler_fwe_16k,match,5,True,1,0.0,0.0,0.0,False,False,0.0,True,0.0,0.33333333333333337,1.0,0.0,0.33333333333333337,0.33333333333333337,True,0.7333333333333333,0.6666666666666666,0.13333333333333333
ruler_vt_16k:0050,ruler_vt_16k,best,1,True,32,0.25,0.125,0.0,False,False,0.0,True,0.0,0.375,0.9375,0.0625,0.0,0.4,False,0.25625,0.18958333333333333,0.18958333333333333
ruler_vt_16k:0050,ruler_vt_16k,match,1,True,32,0.25,0.125,0.0,False,False,0.0,True,0.0,0.375,0.9375,0.0625,0.0,0.4,False,0.25625,0.18958333333333333,0.18958333333333333
ruler_fwe_16k:0242,ruler_fwe_16k,best,1,True,18,0.2777777777777778,0.16666666666666666,0.0,False,False,0.0,True,0.0,0.6666666666666667,1.0,0.0,0.33333333333333337,1.0,True,0.5148148148148147,0.44814814814814813,0.44814814814814813
ruler_fwe_16k:0242,ruler_fwe_16k,match,1,True,18,0.2777777777777778,0.16666666666666666,0.0,False,False,0.0,True,0.0,0.6666666666666667,1.0,0.0,0.33333333333333337,1.0,True,0.5148148148148147,0.44814814814814813,0.44814814814814813
ruler_vt_16k:0183,ruler_vt_16k,best,6,False,588,0.14285714285714285,0.14285714285714285,0.0,False,False,0.0,True,0.0,0.0,0.0,1.0,0.0,0.0,False,0.5,0.4333333333333333,0.2333333333333333
ruler_niah_multivalue_16k:0192,ruler_niah_multivalue_16k,best,1,True,226,0.11504424778761062,0.1504424778761062,0.0,False,False,0.0,True,0.0,0.1415929203539823,0.5663716814159292,0.4336283185840708,0.0,0.25,False,0.45516224188790566,0.38849557522123884,0.38849557522123884
ruler_niah_multivalue_16k:0192,ruler_niah_multivalue_16k,match,1,True,226,0.11504424778761062,0.1504424778761062,0.0,False,False,0.0,True,0.0,0.1415929203539823,0.5663716814159292,0.4336283185840708,0.0,0.25,False,0.45516224188790566,0.38849557522123884,0.38849557522123884
ruler_vt_16k:0418,ruler_vt_16k,best,1,True,1,0.0,1.0,0.0,False,False,0.0,True,0.0,0.4,1.0,0.0,0.4,0.4,True,0.06666666666666667,0.0,0.0
ruler_vt_16k:0418,ruler_vt_16k,match,1,True,1,0.0,1.0,0.0,False,False,0.0,True,0.0,0.4,1.0,0.0,0.4,0.4,True,0.06666666666666667,0.0,0.0
ruler_vt_16k:0188,ruler_vt_16k,best,1,True,89,0.1797752808988764,0.16853932584269662,0.0,False,False,0.0,True,0.0,0.3280898876404494,0.8202247191011236,0.1797752808988764,0.0,0.4,False,0.5116104868913857,0.4449438202247191,0.4449438202247191
ruler_vt_16k:0188,ruler_vt_16k,match,1,True,89,0.1797752808988764,0.16853932584269662,0.0,False,False,0.0,True,0.0,0.3280898876404494,0.8202247191011236,0.1797752808988764,0.0,0.4,False,0.5116104868913857,0.4449438202247191,0.4449438202247191
ruler_vt_16k:0172,ruler_vt_16k,best,2,True,15,0.06666666666666667,0.3333333333333333,0.0,False,False,0.0,True,0.0,0.2,1.0,0.0,0.19999999999999996,0.19999999999999996,True,0.4311111111111111,0.36444444444444446,0.29777777777777775
ruler_vt_16k:0172,ruler_vt_16k,match,2,True,15,0.06666666666666667,0.3333333333333333,0.0,False,False,0.0,True,0.0,0.2,1.0,0.0,0.19999999999999996,0.19999999999999996,True,0.4311111111111111,0.36444444444444446,0.29777777777777775
ruler_vt_16k:0499,ruler_vt_16k,best,1,True,7,0.14285714285714285,0.42857142857142855,0.0,False,False,0.0,True,0.0,0.39999999999999997,1.0,0.0,0.4,0.4,True,0.42857142857142855,0.3619047619047619,0.3619047619047619
ruler_vt_16k:0499,ruler_vt_16k,match,1,True,7,0.14285714285714285,0.42857142857142855,0.0,False,False,0.0,True,0.0,0.39999999999999997,1.0,0.0,0.4,0.4,True,0.42857142857142855,0.3619047619047619,0.3619047619047619
ruler_vt_16k:0024,ruler_vt_16k,best,4,True,4,0.25,0.25,0.0,False,False,0.0,True,0.0,0.19999999999999996,1.0,0.0,0.19999999999999996,0.19999999999999996,True,0.21666666666666667,0.15000000000000002,0.05
ruler_vt_16k:0024,ruler_vt_16k,match,4,True,4,0.25,0.25,0.0,False,False,0.0,True,0.0,0.19999999999999996,1.0,0.0,0.19999999999999996,0.19999999999999996,True,0.21666666666666667,0.15000000000000002,0.05
ruler_qa_squad_16k:0458,ruler_qa_squad_16k,best,3,True,1,0.0,0.0,0.0,False,False,0.0,True,0.0,1.0,1.0,0.0,1.0,1.0,True,0.5,0.4166666666666667,0.0
ruler_qa_squad_16k:0458,ruler_qa_squad_16k,match,3,True,1,0.0,0.0,0.0,False,False,0.0,True,0.0,1.0,1.0,0.0,1.0,1.0,True,0.5,0.4166666666666667,0.0
ruler_fwe_16k:0254,ruler_fwe_16k,best,2,True,1,0.0,1.0,0.0,False,False,0.0,True,0.0,0.3333333333333333,1.0,0.0,0.3333333333333333,0.3333333333333333,True,0.8571428571428571,0.7857142857142857,0.7142857142857143
ruler_fwe_16k:0254,ruler_fwe_16k,match,2,True,1,0.0,1.0,0.0,False,False,0.0,True,0.0,0.3333333333333333,1.0,0.0,0.3333333333333333,0.3333333333333333,True,0.8571428571428571,0.7857142857142857,0.7142857142857143
ruler_qa_squad_16k:0424,ruler_qa_squad_16k,best,2,True,9,0.0,0.0,0.0,False,False,0.0,True,0.0,1.0,1.0,0.0,1.0,1.0,True,0.2820512820512821,0.20512820512820515,0.12820512820512822
ruler_qa_squad_16k:0424,ruler_qa_squad_16k,match,2,True,9,0.0,0.0,0.0,False,False,0.0,True,0.0,1.0,1.0,0.0,1.0,1.0,True,0.2820512820512821,0.20512820512820515,0.12820512820512822
ruler_niah_multiquery_16k:0201,ruler_niah_multiquery_16k,best,1,True,84,0.11904761904761904,0.13095238095238096,0.0,False,False,0.0,True,0.0,0.2767857142857143,0.5952380952380952,0.40476190476190477,0.0,0.5,False,0.4912698412698411,0.42460317460317465,0.42460317460317465
ruler_niah_multiquery_16k:0201,ruler_niah_multiquery_16k,match,1,True,84,0.11904761904761904,0.13095238095238096,0.0,False,False,0.0,True,0.0,0.2767857142857143,0.5952380952380952,0.40476190476190477,0.0,0.5,False,0.4912698412698411,0.42460317460317465,0.42460317460317465
ruler_niah_multiquery_16k:0001,ruler_niah_multiquery_16k,best,3,True,3,0.3333333333333333,0.3333333333333333,0.0,False,False,0.0,True,0.0,0.25,1.0,0.0,0.25,0.25,True,0.2888888888888889,0.22222222222222224,0.13333333333333333
ruler_niah_multiquery_16k:0001,ruler_niah_multiquery_16k,match,3,True,3,0.3333333333333333,0.3333333333333333,0.0,False,False,0.0,True,0.0,0.25,1.0,0.0,0.25,0.25,True,0.2888888888888889,0.22222222222222224,0.13333333333333333
ruler_vt_16k:0373,ruler_vt_16k,best,1,True,37,0.16216216216216217,0.10810810810810811,0.0,False,False,0.0,True,0.0,0.5351351351351354,0.8918918918918919,0.10810810810810811,0.0,0.6000000000000001,False,0.4684684684684685,0.40180180180180186,0.40180180180180186
ruler_vt_16k:0373,ruler_vt_16k,match,1,True,37,0.16216216216216217,0.10810810810810811,0.0,False,False,0.0,True,0.0,0.5351351351351354,0.8918918918918919,0.10810810810810811,0.0,0.6000000000000001,False,0.4684684684684685,0.40180180180180186,0.40180180180180186
ruler_vt_16k:0098,ruler_vt_16k,best,1,True,7,0.2857142857142857,0.2857142857142857,0.0,False,False,0.0,True,0.0,0.19999999999999996,1.0,0.0,0.19999999999999996,0.19999999999999996,True,0.42857142857142855,0.3619047619047619,0.3619047619047619
ruler_vt_16k:0098,ruler_vt_16k,match,1,True,7,0.2857142857142857,0.2857142857142857,0.0,False,False,0.0,True,0.0,0.19999999999999996,1.0,0.0,0.19999999999999996,0.19999999999999996,True,0.42857142857142855,0.3619047619047619,0.3619047619047619
ruler_vt_16k:0149,ruler_vt_16k,best,3,True,3,0.0,0.0,0.0,False,False,0.0,True,0.0,0.39999999999999997,1.0,0.0,0.19999999999999996,0.8,True,0.5333333333333333,0.4666666666666666,0.3333333333333333
ruler_vt_16k:0149,ruler_vt_16k,match,3,True,3,0.0,0.0,0.0,False,False,0.0,True,0.0,0.39999999999999997,1.0,0.0,0.19999999999999996,0.8,True,0.5333333333333333,0.4666666666666666,0.3333333333333333
ruler_niah_multiquery_16k:0404,ruler_niah_multiquery_16k,best,1,True,59,0.1864406779661017,0.11864406779661017,0.0,False,False,0.0,True,0.0,0.21610169491525424,0.864406779661017,0.13559322033898305,0.0,0.25,False,0.543502824858757,0.47683615819209046,0.47683615819209046
ruler_niah_multiquery_16k:0404,ruler_niah_multiquery_16k,match,1,True,59,0.1864406779661017,0.11864406779661017,0.0,False,False,0.0,True,0.0,0.21610169491525424,0.864406779661017,0.13559322033898305,0.0,0.25,False,0.543502824858757,0.47683615819209046,0.47683615819209046
ruler_vt_16k:0454,ruler_vt_16k,best,1,True,112,0.15178571428571427,0.11607142857142858,0.0,False,False,0.0,True,0.0,0.20178571428571426,0.875,0.125,0.0,0.4,False,0.5011904761904762,0.4345238095238096,0.4345238095238096
ruler_vt_16k:0454,ruler_vt_16k,match,1,True,112,0.15178571428571427,0.11607142857142858,0.0,False,False,0.0,True,0.0,0.20178571428571426,0.875,0.125,0.0,0.4,False,0.5011904761904762,0.4345238095238096,0.4345238095238096
ruler_qa_hotpotqa_16k:0031,ruler_qa_hotpotqa_16k,best,3,True,6,0.3333333333333333,0.16666666666666666,0.0,False,False,0.0,True,0.0,1.0,1.0,0.0,1.0,1.0,True,0.5119047619047619,0.44047619047619047,0.2976190476190476
ruler_qa_hotpotqa_16k:0031,ruler_qa_hotpotqa_16k,match,3,True,6,0.3333333333333333,0.16666666666666666,0.0,False,False,0.0,True,0.0,1.0,1.0,0.0,1.0,1.0,True,0.5119047619047619,0.44047619047619047,0.2976190476190476
ruler_niah_multikey_3_16k:0362,ruler_niah_multikey_3_16k,best,2,True,6,0.16666666666666666,0.16666666666666666,0.0,False,False,0.0,True,0.0,1.0,1.0,0.0,1.0,1.0,True,0.4444444444444445,0.37777777777777777,0.3111111111111111
ruler_niah_multikey_3_16k:0362,ruler_niah_multikey_3_16k,match,2,True,6,0.16666666666666666,0.16666666666666666,0.0,False,False,0.0,True,0.0,1.0,1.0,0.0,1.0,1.0,True,0.4444444444444445,0.37777777777777777,0.3111111111111111
ruler_niah_multikey_3_16k:0217,ruler_niah_multikey_3_16k,best,1,True,57,0.05263157894736842,0.22807017543859648,0.0,False,False,0.0,True,0.0,0.9649122807017544,0.9649122807017544,0.03508771929824561,0.0,1.0,False,0.39298245614035093,0.3263157894736842,0.3263157894736842
ruler_niah_multikey_3_16k:0217,ruler_niah_multikey_3_16k,match,1,True,57,0.05263157894736842,0.22807017543859648,0.0,False,False,0.0,True,0.0,0.9649122807017544,0.9649122807017544,0.03508771929824561,0.0,1.0,False,0.39298245614035093,0.3263157894736842,0.3263157894736842
ruler_niah_multikey_3_16k:0071,ruler_niah_multikey_3_16k,best,2,True,8,1.0,0.0,0.0,False,False,0.0,True,0.0,1.0,1.0,0.0,1.0,1.0,True,0.5267857142857143,0.4553571428571428,0.3839285714285714
ruler_niah_multikey_3_16k:0071,ruler_niah_multikey_3_16k,match,2,True,8,1.0,0.0,0.0,False,False,0.0,True,0.0,1.0,1.0,0.0,1.0,1.0,True,0.5267857142857143,0.4553571428571428,0.3839285714285714
ruler_vt_16k:0456,ruler_vt_16k,best,1,True,3,0.0,0.3333333333333333,0.0,False,False,0.0,True,0.0,0.4000000000000001,1.0,0.0,0.4,0.4,True,0.4222222222222222,0.35555555555555557,0.35555555555555557
ruler_vt_16k:0456,ruler_vt_16k,match,1,True,3,0.0,0.3333333333333333,0.0,False,False,0.0,True,0.0,0.4000000000000001,1.0,0.0,0.4,0.4,True,0.4222222222222222,0.35555555555555557,0.35555555555555557
ruler_vt_16k:0352,ruler_vt_16k,best,1,True,140,0.18571428571428572,0.2,0.0,False,False,0.0,True,0.0,0.29142857142857137,0.7285714285714285,0.2714285714285714,0.0,0.4,False,0.47285714285714275,0.4061904761904762,0.4061904761904762
ruler_vt_16k:0352,ruler_vt_16k,match,1,True,140,0.18571428571428572,0.2,0.0,False,False,0.0,True,0.0,0.29142857142857137,0.7285714285714285,0.2714285714285714,0.0,0.4,False,0.47285714285714275,0.4061904761904762,0.4061904761904762
ruler_niah_multikey_3_16k:0251,ruler_niah_multikey_3_16k,best,6,False,588,0.14285714285714285,0.14285714285714285,0.0,False,False,0.0,True,0.0,0.0,0.0,1.0,0.0,0.0,False,0.5,0.4333333333333333,0.23333333333333336
ruler_vt_16k:0083,ruler_vt_16k,best,1,True,5,0.0,0.2,0.0,False,False,0.0,True,0.0,0.19999999999999996,1.0,0.0,0.19999999999999996,0.19999999999999996,True,0.30666666666666664,0.24000000000000005,0.24000000000000005
ruler_vt_16k:0083,ruler_vt_16k,match,1,True,5,0.0,0.2,0.0,False,False,0.0,True,0.0,0.19999999999999996,1.0,0.0,0.19999999999999996,0.19999999999999996,True,0.30666666666666664,0.24000000000000005,0.24000000000000005
ruler_niah_multikey_3_16k:0074,ruler_niah_multikey_3_16k,best,1,True,81,0.1111111111111111,0.1111111111111111,0.0,False,False,0.0,True,0.0,0.7037037037037037,0.7037037037037037,0.2962962962962963,0.0,1.0,False,0.41481481481481486,0.34814814814814815,0.34814814814814815
ruler_niah_multikey_3_16k:0074,ruler_niah_multikey_3_16k,match,1,True,81,0.1111111111111111,0.1111111111111111,0.0,False,False,0.0,True,0.0,0.7037037037037037,0.7037037037037037,0.2962962962962963,0.0,1.0,False,0.41481481481481486,0.34814814814814815,0.34814814814814815
ruler_vt_16k:0404,ruler_vt_16k,best,4,False,588,0.14285714285714285,0.14285714285714285,0.0,False,False,0.0,True,0.0,0.0,0.0,1.0,0.0,0.0,False,0.5,0.4333333333333333,0.29047619047619044
ruler_vt_16k:0451,ruler_vt_16k,best,1,True,2,0.0,0.5,0.0,False,False,0.0,True,0.0,0.4,1.0,0.0,0.4,0.4,True,0.19999999999999998,0.13333333333333333,0.13333333333333333
ruler_vt_16k:0451,ruler_vt_16k,match,1,True,2,0.0,0.5,0.0,False,False,0.0,True,0.0,0.4,1.0,0.0,0.4,0.4,True,0.19999999999999998,0.13333333333333333,0.13333333333333333
ruler_vt_16k:0485,ruler_vt_16k,best,4,False,169,0.1834319526627219,0.1242603550295858,0.0,False,False,0.0,True,0.0,0.2532544378698225,0.6331360946745562,0.3668639053254438,0.0,0.39999999999999997,False,0.5321499013806706,0.4654832347140039,0.32623274161735705
ruler_qa_squad_16k:0056,ruler_qa_squad_16k,best,2,False,504,0.14285714285714285,0.14285714285714285,0.0,False,False,0.0,True,0.0,0.0,0.0,1.0,0.0,0.0,False,0.49999999999999994,0.42307692307692313,0.35897435897435903
ruler_qa_hotpotqa_16k:0312,ruler_qa_hotpotqa_16k,best,1,True,2,0.0,1.0,0.0,False,False,0.0,True,0.0,1.0,1.0,0.0,1.0,1.0,True,0.07142857142857142,0.0,0.0
ruler_qa_hotpotqa_16k:0312,ruler_qa_hotpotqa_16k,match,1,True,2,0.0,1.0,0.0,False,False,0.0,True,0.0,1.0,1.0,0.0,1.0,1.0,True,0.07142857142857142,0.0,0.0
ruler_vt_16k:0123,ruler_vt_16k,best,6,True,1,0.0,0.0,0.0,False,False,0.0,True,0.0,0.19999999999999996,1.0,0.0,0.19999999999999996,0.19999999999999996,True,0.8666666666666667,0.8,0.3333333333333333
ruler_vt_16k:0123,ruler_vt_16k,match,6,True,1,0.0,0.0,0.0,False,False,0.0,True,0.0,0.19999999999999996,1.0,0.0,0.19999999999999996,0.19999999999999996,True,0.8666666666666667,0.8,0.3333333333333333
ruler_vt_16k:0223,ruler_vt_16k,best,1,True,35,0.08571428571428572,0.14285714285714285,0.0,False,False,0.0,True,0.0,0.18857142857142853,0.9428571428571428,0.05714285714285714,0.0,0.19999999999999996,False,0.3790476190476191,0.31238095238095237,0.31238095238095237
ruler_vt_16k:0223,ruler_vt_16k,match,1,True,35,0.08571428571428572,0.14285714285714285,0.0,False,False,0.0,True,0.0,0.18857142857142853,0.9428571428571428,0.05714285714285714,0.0,0.19999999999999996,False,0.3790476190476191,0.31238095238095237,0.31238095238095237
ruler_vt_16k:0044,ruler_vt_16k,best,1,True,14,0.42857142857142855,0.21428571428571427,0.0,False,False,0.0,True,0.0,0.19999999999999998,0.8571428571428571,0.14285714285714285,0.0,0.6,False,0.5380952380952382,0.47142857142857153,0.47142857142857153
ruler_vt_16k:0044,ruler_vt_16k,match,1,True,14,0.42857142857142855,0.21428571428571427,0.0,False,False,0.0,True,0.0,0.19999999999999998,0.8571428571428571,0.14285714285714285,0.0,0.6,False,0.5380952380952382,0.47142857142857153,0.47142857142857153
ruler_niah_multivalue_16k:0266,ruler_niah_multivalue_16k,best,3,True,3,0.3333333333333333,0.0,0.0,False,False,0.0,True,0.0,0.25,1.0,0.0,0.25,0.25,True,0.3333333333333333,0.26666666666666666,0.13333333333333333
ruler_niah_multivalue_16k:0266,ruler_niah_multivalue_16k,match,3,True,3,0.3333333333333333,0.0,0.0,False,False,0.0,True,0.0,0.25,1.0,0.0,0.25,0.25,True,0.3333333333333333,0.26666666666666666,0.13333333333333333
ruler_niah_multikey_3_16k:0145,ruler_niah_multikey_3_16k,best,3,True,30,0.2,0.26666666666666666,0.0,False,False,0.0,True,0.0,0.9333333333333333,0.9333333333333333,0.06666666666666667,0.0,1.0,False,0.3214285714285714,0.24999999999999997,0.13095238095238093
ruler_niah_multikey_3_16k:0145,ruler_niah_multikey_3_16k,match,3,True,30,0.2,0.26666666666666666,0.0,False,False,0.0,True,0.0,0.9333333333333333,0.9333333333333333,0.06666666666666667,0.0,1.0,False,0.3214285714285714,0.24999999999999997,0.13095238095238093
ruler_qa_hotpotqa_16k:0364,ruler_qa_hotpotqa_16k,best,2,True,4,0.0,1.0,0.0,False,False,0.0,True,0.0,1.0,1.0,0.0,1.0,1.0,True,0.6333333333333333,0.5666666666666667,0.5
ruler_qa_hotpotqa_16k:0364,ruler_qa_hotpotqa_16k,match,2,True,4,0.0,1.0,0.0,False,False,0.0,True,0.0,1.0,1.0,0.0,1.0,1.0,True,0.6333333333333333,0.5666666666666667,0.5
ruler_fwe_16k:0372,ruler_fwe_16k,best,1,True,11,0.0,0.18181818181818182,0.0,False,False,0.0,True,0.0,0.33333333333333337,1.0,0.0,0.3333333333333333,0.3333333333333333,True,0.2787878787878788,0.2121212121212121,0.2121212121212121
ruler_fwe_16k:0372,ruler_fwe_16k,match,1,True,11,0.0,0.18181818181818182,0.0,False,False,0.0,True,0.0,0.33333333333333337,1.0,0.0,0.3333333333333333,0.3333333333333333,True,0.2787878787878788,0.2121212121212121,0.2121212121212121
ruler_vt_16k:0317,ruler_vt_16k,best,4,True,1,0.0,1.0,0.0,False,False,0.0,True,0.0,0.6000000000000001,1.0,0.0,0.6000000000000001,0.6000000000000001,True,0.4,0.3333333333333333,0.0
ruler_vt_16k:0317,ruler_vt_16k,match,4,True,1,0.0,1.0,0.0,False,False,0.0,True,0.0,0.6000000000000001,1.0,0.0,0.6000000000000001,0.6000000000000001,True,0.4,0.3333333333333333,0.0
ruler_fwe_16k:0386,ruler_fwe_16k,best,1,True,3,0.0,0.6666666666666666,0.0,False,False,0.0,True,0.0,0.3333333333333333,1.0,0.0,0.33333333333333337,0.33333333333333337,True,0.26666666666666666,0.20000000000000004,0.20000000000000004
ruler_fwe_16k:0386,ruler_fwe_16k,match,1,True,3,0.0,0.6666666666666666,0.0,False,False,0.0,True,0.0,0.3333333333333333,1.0,0.0,0.33333333333333337,0.33333333333333337,True,0.26666666666666666,0.20000000000000004,0.20000000000000004
ruler_vt_16k:0323,ruler_vt_16k,best,4,False,395,0.18227848101265823,0.1569620253164557,0.0,False,False,0.0,True,0.0,0.054177215189873416,0.2708860759493671,0.7291139240506329,0.0,0.19999999999999996,False,0.48945147679324896,0.42278481012658214,0.2519831223628692
ruler_vt_16k:0445,ruler_vt_16k,best,1,True,83,0.1566265060240964,0.0963855421686747,0.0,False,False,0.0,True,0.0,0.3421686746987951,0.8554216867469879,0.14457831325301204,0.0,0.4,False,0.47871485943775094,0.4120481927710843,0.4120481927710843
ruler_vt_16k:0445,ruler_vt_16k,match,1,True,83,0.1566265060240964,0.0963855421686747,0.0,False,False,0.0,True,0.0,0.3421686746987951,0.8554216867469879,0.14457831325301204,0.0,0.4,False,0.47871485943775094,0.4120481927710843,0.4120481927710843
ruler_niah_multikey_3_16k:0108,ruler_niah_multikey_3_16k,best,1,True,11,0.09090909090909091,0.5454545454545454,0.0,False,False,0.0,True,0.0,1.0,1.0,0.0,1.0,1.0,True,0.3575757575757576,0.29090909090909095,0.29090909090909095
ruler_niah_multikey_3_16k:0108,ruler_niah_multikey_3_16k,match,1,True,11,0.09090909090909091,0.5454545454545454,0.0,False,False,0.0,True,0.0,1.0,1.0,0.0,1.0,1.0,True,0.3575757575757576,0.29090909090909095,0.29090909090909095
ruler_qa_hotpotqa_16k:0454,ruler_qa_hotpotqa_16k,best,2,True,10,0.3,0.3,0.0,False,False,0.0,True,0.0,1.0,1.0,0.0,1.0,1.0,True,0.38,0.31333333333333335,0.24666666666666667
ruler_qa_hotpotqa_16k:0454,ruler_qa_hotpotqa_16k,match,2,True,10,0.3,0.3,0.0,False,False,0.0,True,0.0,1.0,1.0,0.0,1.0,1.0,True,0.38,0.31333333333333335,0.24666666666666667
ruler_qa_squad_16k:0172,ruler_qa_squad_16k,best,1,True,7,0.8571428571428571,0.14285714285714285,0.0,False,False,0.0,True,0.0,0.7142857142857143,0.7142857142857143,0.2857142857142857,0.0,1.0,False,0.6904761904761905,0.6071428571428571,0.6071428571428571
ruler_qa_squad_16k:0172,ruler_qa_squad_16k,match,1,True,7,0.8571428571428571,0.14285714285714285,0.0,False,False,0.0,True,0.0,0.7142857142857143,0.7142857142857143,0.2857142857142857,0.0,1.0,False,0.6904761904761905,0.6071428571428571,0.6071428571428571
ruler_vt_16k:0277,ruler_vt_16k,best,1,True,23,0.13043478260869565,0.30434782608695654,0.0,False,False,0.0,True,0.0,0.2,1.0,0.0,0.19999999999999996,0.19999999999999996,True,0.3681159420289855,0.3014492753623188,0.3014492753623188
ruler_vt_16k:0277,ruler_vt_16k,match,1,True,23,0.13043478260869565,0.30434782608695654,0.0,False,False,0.0,True,0.0,0.2,1.0,0.0,0.19999999999999996,0.19999999999999996,True,0.3681159420289855,0.3014492753623188,0.3014492753623188
ruler_vt_16k:0008,ruler_vt_16k,best,2,True,1,0.0,0.0,0.0,False,False,0.0,True,0.0,0.4,1.0,0.0,0.4,0.4,True,0.8,0.7333333333333333,0.6666666666666666
ruler_vt_16k:0008,ruler_vt_16k,match,2,True,1,0.0,0.0,0.0,False,False,0.0,True,0.0,0.4,1.0,0.0,0.4,0.4,True,0.8,0.7333333333333333,0.6666666666666666
ruler_vt_16k:0286,ruler_vt_16k,best,1,True,91,0.2857142857142857,0.17582417582417584,0.0,False,False,0.0,True,0.0,0.13406593406593414,0.6703296703296703,0.32967032967032966,0.0,0.20000000000000007,False,0.5684981684981685,0.5018315018315018,0.5018315018315018
ruler_vt_16k:0286,ruler_vt_16k,match,1,True,91,0.2857142857142857,0.17582417582417584,0.0,False,False,0.0,True,0.0,0.13406593406593414,0.6703296703296703,0.32967032967032966,0.0,0.20000000000000007,False,0.5684981684981685,0.5018315018315018,0.5018315018315018
ruler_niah_multiquery_16k:0068,ruler_niah_multiquery_16k,best,4,False,588,0.14285714285714285,0.14285714285714285,0.0,False,False,0.0,True,0.0,0.0,0.0,1.0,0.0,0.0,False,0.5,0.4333333333333333,0.29047619047619044
ruler_qa_hotpotqa_16k:0337,ruler_qa_hotpotqa_16k,best,1,True,43,0.20930232558139536,0.13953488372093023,0.0,False,False,0.0,True,0.0,0.9069767441860465,0.9069767441860465,0.09302325581395349,0.0,1.0,False,0.4833887043189369,0.34385382059800657,0.34385382059800657
ruler_qa_hotpotqa_16k:0337,ruler_qa_hotpotqa_16k,match,1,True,43,0.20930232558139536,0.13953488372093023,0.0,False,False,0.0,True,0.0,0.9069767441860465,0.9069767441860465,0.09302325581395349,0.0,1.0,False,0.4833887043189369,0.34385382059800657,0.34385382059800657
ruler_vt_16k:0160,ruler_vt_16k,best,3,True,6,0.3333333333333333,0.0,0.0,False,False,0.0,True,0.0,0.19999999999999996,1.0,0.0,0.19999999999999996,0.19999999999999996,True,0.6888888888888888,0.6222222222222222,0.35555555555555557
ruler_vt_16k:0160,ruler_vt_16k,match,3,True,6,0.3333333333333333,0.0,0.0,False,False,0.0,True,0.0,0.19999999999999996,1.0,0.0,0.19999999999999996,0.19999999999999996,True,0.6888888888888888,0.6222222222222222,0.35555555555555557
ruler_qa_squad_16k:0085,ruler_qa_squad_16k,best,1,True,44,0.25,0.1590909090909091,0.0,False,False,0.0,True,0.0,0.9545454545454546,0.9545454545454546,0.045454545454545456,0.0,1.0,False,0.3924242424242424,0.32575757575757575,0.32575757575757575
ruler_qa_squad_16k:0085,ruler_qa_squad_16k,match,1,True,44,0.25,0.1590909090909091,0.0,False,False,0.0,True,0.0,0.9545454545454546,0.9545454545454546,0.045454545454545456,0.0,1.0,False,0.3924242424242424,0.32575757575757575,0.32575757575757575
ruler_vt_16k:0203,ruler_vt_16k,best,8,True,3,0.0,0.0,0.0,False,False,0.0,True,0.0,0.19999999999999996,1.0,0.0,0.19999999999999996,0.19999999999999996,True,0.5555555555555555,0.48888888888888893,0.24444444444444444
ruler_vt_16k:0203,ruler_vt_16k,match,8,True,3,0.0,0.0,0.0,False,False,0.0,True,0.0,0.19999999999999996,1.0,0.0,0.19999999999999996,0.19999999999999996,True,0.5555555555555555,0.48888888888888893,0.24444444444444444
ruler_qa_hotpotqa_16k:0118,ruler_qa_hotpotqa_16k,best,1,True,19,0.0,0.05263157894736842,0.0,False,False,0.0,True,0.0,1.0,1.0,0.0,1.0,1.0,True,0.5037593984962406,0.43233082706766923,0.43233082706766923
ruler_qa_hotpotqa_16k:0118,ruler_qa_hotpotqa_16k,match,1,True,19,0.0,0.05263157894736842,0.0,False,False,0.0,True,0.0,1.0,1.0,0.0,1.0,1.0,True,0.5037593984962406,0.43233082706766923,0.43233082706766923
ruler_vt_16k:0157,ruler_vt_16k,best,1,True,51,0.0784313725490196,0.11764705882352941,0.0,False,False,0.0,True,0.0,0.384313725490196,0.9607843137254902,0.0392156862745098,0.0,0.4,False,0.40522875816993464,0.33856209150326794,0.33856209150326794
ruler_vt_16k:0157,ruler_vt_16k,match,1,True,51,0.0784313725490196,0.11764705882352941,0.0,False,False,0.0,True,0.0,0.384313725490196,0.9607843137254902,0.0392156862745098,0.0,0.4,False,0.40522875816993464,0.33856209150326794,0.33856209150326794
ruler_niah_multikey_3_16k:0394,ruler_niah_multikey_3_16k,best,7,True,1,0.0,0.0,0.0,False,False,0.0,True,0.0,1.0,1.0,0.0,1.0,1.0,True,0.4,0.3333333333333333,0.3333333333333333
ruler_niah_multikey_3_16k:0394,ruler_niah_multikey_3_16k,match,7,True,1,0.0,0.0,0.0,False,False,0.0,True,0.0,1.0,1.0,0.0,1.0,1.0,True,0.4,0.3333333333333333,0.3333333333333333
ruler_qa_squad_16k:0429,ruler_qa_squad_16k,best,1,True,75,0.13333333333333333,0.14666666666666667,0.0,False,False,0.0,True,0.0,0.7866666666666666,0.7866666666666666,0.21333333333333335,0.0,1.0,False,0.4656410256410255,0.3887179487179488,0.3887179487179488
ruler_qa_squad_16k:0429,ruler_qa_squad_16k,match,1,True,75,0.13333333333333333,0.14666666666666667,0.0,False,False,0.0,True,0.0,0.7866666666666666,0.7866666666666666,0.21333333333333335,0.0,1.0,False,0.4656410256410255,0.3887179487179488,0.3887179487179488
ruler_niah_multikey_1_16k:0432,ruler_niah_multikey_1_16k,best,1,True,1,0.0,1.0,0.0,False,False,0.0,True,0.0,1.0,1.0,0.0,1.0,1.0,True,0.06666666666666667,0.0,0.0
ruler_niah_multikey_1_16k:0432,ruler_niah_multikey_1_16k,match,1,True,1,0.0,1.0,0.0,False,False,0.0,True,0.0,1.0,1.0,0.0,1.0,1.0,True,0.06666666666666667,0.0,0.0
ruler_vt_16k:0422,ruler_vt_16k,best,2,True,9,0.2222222222222222,0.1111111111111111,0.0,False,False,0.0,True,0.0,0.6,1.0,0.0,0.6,0.6,True,0.5629629629629629,0.4962962962962963,0.42962962962962964
ruler_vt_16k:0422,ruler_vt_16k,match,2,True,9,0.2222222222222222,0.1111111111111111,0.0,False,False,0.0,True,0.0,0.6,1.0,0.0,0.6,0.6,True,0.5629629629629629,0.4962962962962963,0.42962962962962964
ruler_qa_hotpotqa_16k:0085,ruler_qa_hotpotqa_16k,best,4,True,16,0.125,0.6875,0.125,True,False,0.125,False,0.023809523809523808,1.0,1.0,0.0,1.0,1.0,True,0.21874999999999997,0.07589285714285715,0.42410714285714285
ruler_qa_hotpotqa_16k:0085,ruler_qa_hotpotqa_16k,match,4,True,16,0.125,0.6875,0.125,True,False,0.125,False,0.023809523809523808,1.0,1.0,0.0,1.0,1.0,True,0.21874999999999997,0.07589285714285715,0.42410714285714285
ruler_vt_16k:0093,ruler_vt_16k,best,1,True,25,0.08,0.28,0.0,False,False,0.0,True,0.0,0.4000000000000001,1.0,0.0,0.4,0.4,True,0.49333333333333335,0.4266666666666667,0.4266666666666667
ruler_vt_16k:0093,ruler_vt_16k,match,1,True,25,0.08,0.28,0.0,False,False,0.0,True,0.0,0.4000000000000001,1.0,0.0,0.4,0.4,True,0.49333333333333335,0.4266666666666667,0.4266666666666667
ruler_vt_16k:0477,ruler_vt_16k,best,1,True,85,0.11764705882352941,0.11764705882352941,0.0,False,False,0.0,True,0.0,0.1623529411764705,0.8117647058823529,0.18823529411764706,0.0,0.19999999999999996,False,0.4729411764705881,0.40627450980392155,0.40627450980392155
ruler_vt_16k:0477,ruler_vt_16k,match,1,True,85,0.11764705882352941,0.11764705882352941,0.0,False,False,0.0,True,0.0,0.1623529411764705,0.8117647058823529,0.18823529411764706,0.0,0.19999999999999996,False,0.4729411764705881,0.40627450980392155,0.40627450980392155
ruler_qa_squad_16k:0445,ruler_qa_squad_16k,best,2,True,15,0.0,0.2,0.0,False,False,0.0,True,0.0,0.8666666666666667,0.8666666666666667,0.13333333333333333,0.0,1.0,False,0.6166666666666667,0.5333333333333333,0.4500000000000001
ruler_qa_squad_16k:0445,ruler_qa_squad_16k,match,2,True,15,0.0,0.2,0.0,False,False,0.0,True,0.0,0.8666666666666667,0.8666666666666667,0.13333333333333333,0.0,1.0,False,0.6166666666666667,0.5333333333333333,0.4500000000000001
ruler_qa_hotpotqa_16k:0140,ruler_qa_hotpotqa_16k,best,1,True,36,0.19444444444444445,0.25,0.1388888888888889,True,False,0.1388888888888889,False,0.023809523809523808,1.0,1.0,0.0,1.0,1.0,True,0.3974358974358975,0.20512820512820515,0.20512820512820515
ruler_qa_hotpotqa_16k:0140,ruler_qa_hotpotqa_16k,match,1,True,36,0.19444444444444445,0.25,0.1388888888888889,True,False,0.1388888888888889,False,0.023809523809523808,1.0,1.0,0.0,1.0,1.0,True,0.3974358974358975,0.20512820512820515,0.20512820512820515
ruler_vt_16k:0279,ruler_vt_16k,best,1,True,10,0.0,0.1,0.0,False,False,0.0,True,0.0,0.5999999999999999,1.0,0.0,0.6,0.6,True,0.5266666666666666,0.45999999999999996,0.45999999999999996
ruler_vt_16k:0279,ruler_vt_16k,match,1,True,10,0.0,0.1,0.0,False,False,0.0,True,0.0,0.5999999999999999,1.0,0.0,0.6,0.6,True,0.5266666666666666,0.45999999999999996,0.45999999999999996
ruler_vt_16k:0070,ruler_vt_16k,best,1,True,19,0.3157894736842105,0.2631578947368421,0.0,False,False,0.0,True,0.0,0.23157894736842102,0.8947368421052632,0.10526315789473684,0.0,0.39999999999999997,False,0.47368421052631576,0.40701754385964917,0.40701754385964917
ruler_vt_16k:0070,ruler_vt_16k,match,1,True,19,0.3157894736842105,0.2631578947368421,0.0,False,False,0.0,True,0.0,0.23157894736842102,0.8947368421052632,0.10526315789473684,0.0,0.39999999999999997,False,0.47368421052631576,0.40701754385964917,0.40701754385964917
ruler_vt_16k:0333,ruler_vt_16k,best,1,True,47,0.1276595744680851,0.1702127659574468,0.0,False,False,0.0,True,0.0,0.19148936170212755,0.9148936170212766,0.0851063829787234,0.0,0.6,False,0.4283687943262412,0.3617021276595744,0.3617021276595744
ruler_vt_16k:0333,ruler_vt_16k,match,1,True,47,0.1276595744680851,0.1702127659574468,0.0,False,False,0.0,True,0.0,0.19148936170212755,0.9148936170212766,0.0851063829787234,0.0,0.6,False,0.4283687943262412,0.3617021276595744,0.3617021276595744
ruler_fwe_16k:0108,ruler_fwe_16k,best,6,True,4,0.0,0.0,0.0,False,False,0.0,True,0.0,0.33333333333333337,1.0,0.0,0.33333333333333337,0.33333333333333337,True,0.5666666666666667,0.5,0.1
ruler_fwe_16k:0108,ruler_fwe_16k,match,6,True,4,0.0,0.0,0.0,False,False,0.0,True,0.0,0.33333333333333337,1.0,0.0,0.33333333333333337,0.33333333333333337,True,0.5666666666666667,0.5,0.1
ruler_vt_16k:0170,ruler_vt_16k,best,1,True,6,0.0,0.3333333333333333,0.0,False,False,0.0,True,0.0,0.39999999999999997,1.0,0.0,0.4,0.4,True,0.3444444444444445,0.27777777777777773,0.27777777777777773
ruler_vt_16k:0170,ruler_vt_16k,match,1,True,6,0.0,0.3333333333333333,0.0,False,False,0.0,True,0.0,0.39999999999999997,1.0,0.0,0.4,0.4,True,0.3444444444444445,0.27777777777777773,0.27777777777777773
ruler_qa_squad_16k:0472,ruler_qa_squad_16k,best,1,True,52,0.09615384615384616,0.057692307692307696,0.0,False,False,0.0,True,0.0,0.8846153846153846,0.8846153846153846,0.11538461538461539,0.0,1.0,False,0.40224358974358976,0.3189102564102564,0.3189102564102564
ruler_qa_squad_16k:0472,ruler_qa_squad_16k,match,1,True,52,0.09615384615384616,0.057692307692307696,0.0,False,False,0.0,True,0.0,0.8846153846153846,0.8846153846153846,0.11538461538461539,0.0,1.0,False,0.40224358974358976,0.3189102564102564,0.3189102564102564
ruler_qa_squad_16k:0141,ruler_qa_squad_16k,best,1,True,8,0.375,0.625,0.0,False,False,0.0,True,0.0,1.0,1.0,0.0,1.0,1.0,True,0.28125,0.19791666666666666,0.19791666666666666
ruler_qa_squad_16k:0141,ruler_qa_squad_16k,match,1,True,8,0.375,0.625,0.0,False,False,0.0,True,0.0,1.0,1.0,0.0,1.0,1.0,True,0.28125,0.19791666666666666,0.19791666666666666
ruler_niah_multivalue_16k:0288,ruler_niah_multivalue_16k,best,1,True,63,0.09523809523809523,0.19047619047619047,0.0,False,False,0.0,True,0.0,0.24206349206349206,0.9682539682539683,0.031746031746031744,0.0,0.25,False,0.4455026455026456,0.37883597883597897,0.37883597883597897
ruler_niah_multivalue_16k:0288,ruler_niah_multivalue_16k,match,1,True,63,0.09523809523809523,0.19047619047619047,0.0,False,False,0.0,True,0.0,0.24206349206349206,0.9682539682539683,0.031746031746031744,0.0,0.25,False,0.4455026455026456,0.37883597883597897,0.37883597883597897
ruler_qa_squad_16k:0305,ruler_qa_squad_16k,best,3,True,2,0.0,0.0,0.0,False,False,0.0,True,0.0,1.0,1.0,0.0,1.0,1.0,True,0.5,0.4166666666666667,0.25
ruler_qa_squad_16k:0305,ruler_qa_squad_16k,match,3,True,2,0.0,0.0,0.0,False,False,0.0,True,0.0,1.0,1.0,0.0,1.0,1.0,True,0.5,0.4166666666666667,0.25
ruler_qa_squad_16k:0184,ruler_qa_squad_16k,best,5,True,22,0.13636363636363635,0.09090909090909091,0.0,False,False,0.0,True,0.0,0.9090909090909091,0.9090909090909091,0.09090909090909091,0.0,1.0,False,0.3863636363636363,0.303030303030303,0.17424242424242425
ruler_qa_squad_16k:0184,ruler_qa_squad_16k,match,5,True,22,0.13636363636363635,0.09090909090909091,0.0,False,False,0.0,True,0.0,0.9090909090909091,0.9090909090909091,0.09090909090909091,0.0,1.0,False,0.3863636363636363,0.303030303030303,0.17424242424242425
ruler_vt_16k:0322,ruler_vt_16k,best,1,True,2,0.0,0.5,0.0,False,False,0.0,True,0.0,0.19999999999999996,1.0,0.0,0.19999999999999996,0.19999999999999996,True,0.39999999999999997,0.3333333333333333,0.3333333333333333
ruler_vt_16k:0322,ruler_vt_16k,match,1,True,2,0.0,0.5,0.0,False,False,0.0,True,0.0,0.19999999999999996,1.0,0.0,0.19999999999999996,0.19999999999999996,True,0.39999999999999997,0.3333333333333333,0.3333333333333333
ruler_vt_16k:0358,ruler_vt_16k,best,1,True,69,0.2028985507246377,0.11594202898550725,0.0,False,False,0.0,True,0.0,0.1710144927536231,0.855072463768116,0.14492753623188406,0.0,0.19999999999999996,False,0.4570048309178744,0.39033816425120776,0.39033816425120776
ruler_vt_16k:0358,ruler_vt_16k,match,1,True,69,0.2028985507246377,0.11594202898550725,0.0,False,False,0.0,True,0.0,0.1710144927536231,0.855072463768116,0.14492753623188406,0.0,0.19999999999999996,False,0.4570048309178744,0.39033816425120776,0.39033816425120776
ruler_fwe_16k:0402,ruler_fwe_16k,best,4,False,546,0.14285714285714285,0.14285714285714285,0.0,False,False,0.0,True,0.0,0.0,0.0,1.0,0.0,0.0,False,0.5,0.4285714285714285,0.23626373626373626
ruler_qa_squad_16k:0444,ruler_qa_squad_16k,best,2,True,11,0.36363636363636365,0.09090909090909091,0.0,False,False,0.0,True,0.0,1.0,1.0,0.0,1.0,1.0,True,0.31060606060606055,0.22727272727272724,0.14393939393939392
ruler_qa_squad_16k:0444,ruler_qa_squad_16k,match,2,True,11,0.36363636363636365,0.09090909090909091,0.0,False,False,0.0,True,0.0,1.0,1.0,0.0,1.0,1.0,True,0.31060606060606055,0.22727272727272724,0.14393939393939392
ruler_niah_multivalue_16k:0144,ruler_niah_multivalue_16k,best,2,True,43,0.09302325581395349,0.18604651162790697,0.0,False,False,0.0,True,0.0,0.23837209302325582,0.9534883720930233,0.046511627906976744,0.0,0.25,False,0.4976744186046512,0.4310077519379845,0.36434108527131776
ruler_niah_multivalue_16k:0144,ruler_niah_multivalue_16k,match,2,True,43,0.09302325581395349,0.18604651162790697,0.0,False,False,0.0,True,0.0,0.23837209302325582,0.9534883720930233,0.046511627906976744,0.0,0.25,False,0.4976744186046512,0.4310077519379845,0.36434108527131776
ruler_fwe_16k:0478,ruler_fwe_16k,best,1,True,16,0.125,0.375,0.0,False,False,0.0,True,0.0,0.33333333333333337,1.0,0.0,0.33333333333333337,0.33333333333333337,True,0.5,0.43333333333333335,0.43333333333333335
ruler_fwe_16k:0478,ruler_fwe_16k,match,1,True,16,0.125,0.375,0.0,False,False,0.0,True,0.0,0.33333333333333337,1.0,0.0,0.33333333333333337,0.33333333333333337,True,0.5,0.43333333333333335,0.43333333333333335
ruler_vt_16k:0045,ruler_vt_16k,best,2,True,1,0.0,0.0,0.0,False,False,0.0,True,0.0,0.6000000000000001,1.0,0.0,0.6000000000000001,0.6000000000000001,True,0.4,0.3333333333333333,0.26666666666666666
ruler_vt_16k:0045,ruler_vt_16k,match,2,True,1,0.0,0.0,0.0,False,False,0.0,True,0.0,0.6000000000000001,1.0,0.0,0.6000000000000001,0.6000000000000001,True,0.4,0.3333333333333333,0.26666666666666666
ruler_vt_16k:0196,ruler_vt_16k,best,1,True,6,0.3333333333333333,0.16666666666666666,0.0,False,False,0.0,True,0.0,0.19999999999999996,1.0,0.0,0.19999999999999996,0.19999999999999996,True,0.2888888888888889,0.22222222222222224,0.22222222222222224
ruler_vt_16k:0196,ruler_vt_16k,match,1,True,6,0.3333333333333333,0.16666666666666666,0.0,False,False,0.0,True,0.0,0.19999999999999996,1.0,0.0,0.19999999999999996,0.19999999999999996,True,0.2888888888888889,0.22222222222222224,0.22222222222222224
ruler_vt_16k:0295,ruler_vt_16k,best,1,True,22,0.0,0.09090909090909091,0.0,False,False,0.0,True,0.0,0.40000000000000013,1.0,0.0,0.4,0.4,True,0.5181818181818182,0.4515151515151516,0.4515151515151516
ruler_vt_16k:0295,ruler_vt_16k,match,1,True,22,0.0,0.09090909090909091,0.0,False,False,0.0,True,0.0,0.40000000000000013,1.0,0.0,0.4,0.4,True,0.5181818181818182,0.4515151515151516,0.4515151515151516
ruler_fwe_16k:0324,ruler_fwe_16k,best,1,True,7,0.14285714285714285,0.14285714285714285,0.0,False,False,0.0,True,0.0,0.3333333333333334,1.0,0.0,0.33333333333333337,0.33333333333333337,True,0.3523809523809524,0.2857142857142857,0.2857142857142857
ruler_fwe_16k:0324,ruler_fwe_16k,match,1,True,7,0.14285714285714285,0.14285714285714285,0.0,False,False,0.0,True,0.0,0.3333333333333334,1.0,0.0,0.33333333333333337,0.33333333333333337,True,0.3523809523809524,0.2857142857142857,0.2857142857142857
ruler_vt_16k:0108,ruler_vt_16k,best,2,True,2,0.5,0.5,0.0,False,False,0.0,True,0.0,0.4,1.0,0.0,0.4,0.4,True,0.6666666666666667,0.6,0.5333333333333333
ruler_vt_16k:0108,ruler_vt_16k,match,2,True,2,0.5,0.5,0.0,False,False,0.0,True,0.0,0.4,1.0,0.0,0.4,0.4,True,0.6666666666666667,0.6,0.5333333333333333
ruler_qa_hotpotqa_16k:0023,ruler_qa_hotpotqa_16k,best,2,True,2,0.5,0.5,0.0,False,False,0.0,True,0.0,1.0,1.0,0.0,1.0,1.0,True,0.3214285714285714,0.25,0.17857142857142855
ruler_qa_hotpotqa_16k:0023,ruler_qa_hotpotqa_16k,match,2,True,2,0.5,0.5,0.0,False,False,0.0,True,0.0,1.0,1.0,0.0,1.0,1.0,True,0.3214285714285714,0.25,0.17857142857142855
ruler_niah_multivalue_16k:0498,ruler_niah_multivalue_16k,best,3,True,8,0.0,0.25,0.0,False,False,0.0,True,0.0,0.5,1.0,0.0,0.5,0.5,True,0.2916666666666667,0.22500000000000003,0.14166666666666666
ruler_niah_multivalue_16k:0498,ruler_niah_multivalue_16k,match,3,True,8,0.0,0.25,0.0,False,False,0.0,True,0.0,0.5,1.0,0.0,0.5,0.5,True,0.2916666666666667,0.22500000000000003,0.14166666666666666
ruler_qa_squad_16k:0432,ruler_qa_squad_16k,best,1,True,20,0.15,0.25,0.0,False,False,0.0,True,0.0,0.9,0.9,0.1,0.0,1.0,False,0.40384615384615385,0.326923076923077,0.326923076923077
ruler_qa_squad_16k:0432,ruler_qa_squad_16k,match,1,True,20,0.15,0.25,0.0,False,False,0.0,True,0.0,0.9,0.9,0.1,0.0,1.0,False,0.40384615384615385,0.326923076923077,0.326923076923077
ruler_vt_16k:0237,ruler_vt_16k,best,1,True,232,0.10344827586206896,0.12931034482758622,0.0,False,False,0.0,True,0.0,0.21724137931034482,0.5431034482758621,0.45689655172413796,0.0,0.4,False,0.4844827586206897,0.41781609195402303,0.41781609195402303
ruler_vt_16k:0237,ruler_vt_16k,match,1,True,232,0.10344827586206896,0.12931034482758622,0.0,False,False,0.0,True,0.0,0.21724137931034482,0.5431034482758621,0.45689655172413796,0.0,0.4,False,0.4844827586206897,0.41781609195402303,0.41781609195402303
ruler_fwe_16k:0321,ruler_fwe_16k,best,6,True,3,0.0,0.0,0.0,False,False,0.0,True,0.0,0.3333333333333333,1.0,0.0,0.33333333333333337,0.33333333333333337,True,0.42857142857142855,0.35714285714285715,0.2857142857142857
ruler_fwe_16k:0321,ruler_fwe_16k,match,6,True,3,0.0,0.0,0.0,False,False,0.0,True,0.0,0.3333333333333333,1.0,0.0,0.33333333333333337,0.33333333333333337,True,0.42857142857142855,0.35714285714285715,0.2857142857142857
ruler_fwe_16k:0088,ruler_fwe_16k,best,5,True,4,0.5,0.25,0.0,False,False,0.0,True,0.0,0.33333333333333337,1.0,0.0,0.33333333333333337,0.33333333333333337,True,0.6666666666666666,0.6,0.26666666666666666
ruler_fwe_16k:0088,ruler_fwe_16k,match,5,True,4,0.5,0.25,0.0,False,False,0.0,True,0.0,0.33333333333333337,1.0,0.0,0.33333333333333337,0.33333333333333337,True,0.6666666666666666,0.6,0.26666666666666666
ruler_vt_16k:0226,ruler_vt_16k,best,4,False,588,0.14285714285714285,0.14285714285714285,0.0,False,False,0.0,True,0.0,0.0,0.0,1.0,0.0,0.0,False,0.5,0.4333333333333333,0.2619047619047619
ruler_niah_multiquery_16k:0454,ruler_niah_multiquery_16k,best,1,True,27,0.14814814814814814,0.1111111111111111,0.0,False,False,0.0,True,0.0,0.5,1.0,0.0,0.5,0.5,True,0.3333333333333333,0.26666666666666666,0.26666666666666666
ruler_niah_multiquery_16k:0454,ruler_niah_multiquery_16k,match,1,True,27,0.14814814814814814,0.1111111111111111,0.0,False,False,0.0,True,0.0,0.5,1.0,0.0,0.5,0.5,True,0.3333333333333333,0.26666666666666666,0.26666666666666666
ruler_fwe_16k:0498,ruler_fwe_16k,best,1,True,50,0.08,0.1,0.0,False,False,0.0,True,0.0,0.2666666666666667,0.8,0.2,0.0,0.33333333333333337,False,0.508,0.4413333333333334,0.4413333333333334
ruler_fwe_16k:0498,ruler_fwe_16k,match,1,True,50,0.08,0.1,0.0,False,False,0.0,True,0.0,0.2666666666666667,0.8,0.2,0.0,0.33333333333333337,False,0.508,0.4413333333333334,0.4413333333333334
ruler_qa_hotpotqa_16k:0059,ruler_qa_hotpotqa_16k,best,2,True,12,0.6666666666666666,0.08333333333333333,0.0,False,False,0.0,True,0.0,1.0,1.0,0.0,1.0,1.0,True,0.4583333333333334,0.38690476190476186,0.31547619047619047
ruler_qa_hotpotqa_16k:0059,ruler_qa_hotpotqa_16k,match,2,True,12,0.6666666666666666,0.08333333333333333,0.0,False,False,0.0,True,0.0,1.0,1.0,0.0,1.0,1.0,True,0.4583333333333334,0.38690476190476186,0.31547619047619047
ruler_fwe_16k:0298,ruler_fwe_16k,best,2,True,18,0.16666666666666666,0.1111111111111111,0.0,False,False,0.0,True,0.0,0.2962962962962963,0.8888888888888888,0.1111111111111111,0.0,0.33333333333333337,False,0.5481481481481482,0.48148148148148145,0.4148148148148148
ruler_fwe_16k:0298,ruler_fwe_16k,match,2,True,18,0.16666666666666666,0.1111111111111111,0.0,False,False,0.0,True,0.0,0.2962962962962963,0.8888888888888888,0.1111111111111111,0.0,0.33333333333333337,False,0.5481481481481482,0.48148148148148145,0.4148148148148148
ruler_vt_16k:0140,ruler_vt_16k,best,4,True,8,0.0,0.125,0.0,False,False,0.0,True,0.0,0.6000000000000001,1.0,0.0,0.6000000000000001,0.6000000000000001,True,0.4666666666666667,0.4,0.2
ruler_vt_16k:0140,ruler_vt_16k,match,4,True,8,0.0,0.125,0.0,False,False,0.0,True,0.0,0.6000000000000001,1.0,0.0,0.6000000000000001,0.6000000000000001,True,0.4666666666666667,0.4,0.2
ruler_qa_squad_16k:0363,ruler_qa_squad_16k,best,5,False,504,0.14285714285714285,0.14285714285714285,0.0,False,False,0.0,True,0.0,0.0,0.0,1.0,0.0,0.0,False,0.49999999999999994,0.42307692307692313,0.24358974358974356
ruler_vt_16k:0086,ruler_vt_16k,best,1,True,38,0.10526315789473684,0.13157894736842105,0.0,False,False,0.0,True,0.0,0.1894736842105263,0.9473684210526315,0.05263157894736842,0.0,0.19999999999999996,False,0.512280701754386,0.4456140350877193,0.4456140350877193
ruler_vt_16k:0086,ruler_vt_16k,match,1,True,38,0.10526315789473684,0.13157894736842105,0.0,False,False,0.0,True,0.0,0.1894736842105263,0.9473684210526315,0.05263157894736842,0.0,0.19999999999999996,False,0.512280701754386,0.4456140350877193,0.4456140350877193
ruler_vt_16k:0396,ruler_vt_16k,best,4,True,1,0.0,0.0,0.0,False,False,0.0,True,0.0,0.19999999999999996,1.0,0.0,0.19999999999999996,0.19999999999999996,True,0.4,0.3333333333333333,0.13333333333333333
ruler_vt_16k:0396,ruler_vt_16k,match,4,True,1,0.0,0.0,0.0,False,False,0.0,True,0.0,0.19999999999999996,1.0,0.0,0.19999999999999996,0.19999999999999996,True,0.4,0.3333333333333333,0.13333333333333333
ruler_vt_16k:0063,ruler_vt_16k,best,1,True,69,0.2463768115942029,0.08695652173913043,0.0,False,False,0.0,True,0.0,0.18840579710144917,0.9420289855072463,0.057971014492753624,0.0,0.19999999999999996,False,0.39420289855072466,0.327536231884058,0.327536231884058
ruler_vt_16k:0063,ruler_vt_16k,match,1,True,69,0.2463768115942029,0.08695652173913043,0.0,False,False,0.0,True,0.0,0.18840579710144917,0.9420289855072463,0.057971014492753624,0.0,0.19999999999999996,False,0.39420289855072466,0.327536231884058,0.327536231884058
ruler_vt_16k:0220,ruler_vt_16k,best,3,True,13,0.0,0.15384615384615385,0.0,False,False,0.0,True,0.0,0.19999999999999998,1.0,0.0,0.19999999999999996,0.19999999999999996,True,0.44615384615384607,0.3794871794871795,0.25641025641025644
ruler_vt_16k:0220,ruler_vt_16k,match,3,True,13,0.0,0.15384615384615385,0.0,False,False,0.0,True,0.0,0.19999999999999998,1.0,0.0,0.19999999999999996,0.19999999999999996,True,0.44615384615384607,0.3794871794871795,0.25641025641025644
ruler_niah_multikey_3_16k:0429,ruler_niah_multikey_3_16k,best,1,True,8,0.25,0.25,0.0,False,False,0.0,True,0.0,1.0,1.0,0.0,1.0,1.0,True,0.13392857142857142,0.026785714285714284,0.026785714285714284
ruler_niah_multikey_3_16k:0429,ruler_niah_multikey_3_16k,match,1,True,8,0.25,0.25,0.0,False,False,0.0,True,0.0,1.0,1.0,0.0,1.0,1.0,True,0.13392857142857142,0.026785714285714284,0.026785714285714284
ruler_fwe_16k:0260,ruler_fwe_16k,best,3,True,21,0.19047619047619047,0.23809523809523808,0.0,False,False,0.0,True,0.0,0.3333333333333333,1.0,0.0,0.33333333333333337,0.33333333333333337,True,0.35873015873015873,0.292063492063492,0.15555555555555556
ruler_fwe_16k:0260,ruler_fwe_16k,match,3,True,21,0.19047619047619047,0.23809523809523808,0.0,False,False,0.0,True,0.0,0.3333333333333333,1.0,0.0,0.33333333333333337,0.33333333333333337,True,0.35873015873015873,0.292063492063492,0.15555555555555556
ruler_fwe_16k:0293,ruler_fwe_16k,best,1,True,27,0.2222222222222222,0.14814814814814814,0.0,False,False,0.0,True,0.0,0.308641975308642,0.9259259259259259,0.07407407407407407,0.0,0.33333333333333337,False,0.5502645502645502,0.4788359788359789,0.4788359788359789
ruler_fwe_16k:0293,ruler_fwe_16k,match,1,True,27,0.2222222222222222,0.14814814814814814,0.0,False,False,0.0,True,0.0,0.308641975308642,0.9259259259259259,0.07407407407407407,0.0,0.33333333333333337,False,0.5502645502645502,0.4788359788359789,0.4788359788359789
ruler_niah_multiquery_16k:0063,ruler_niah_multiquery_16k,best,1,True,61,0.16393442622950818,0.14754098360655737,0.0,False,False,0.0,True,0.0,0.24180327868852458,0.9672131147540983,0.03278688524590164,0.0,0.25,False,0.42841530054644816,0.36174863387978146,0.36174863387978146
ruler_niah_multiquery_16k:0063,ruler_niah_multiquery_16k,match,1,True,61,0.16393442622950818,0.14754098360655737,0.0,False,False,0.0,True,0.0,0.24180327868852458,0.9672131147540983,0.03278688524590164,0.0,0.25,False,0.42841530054644816,0.36174863387978146,0.36174863387978146
ruler_qa_squad_16k:0491,ruler_qa_squad_16k,best,1,True,19,0.05263157894736842,0.15789473684210525,0.0,False,False,0.0,True,0.0,1.0,1.0,0.0,1.0,1.0,True,0.40977443609022557,0.33834586466165417,0.33834586466165417
ruler_qa_squad_16k:0491,ruler_qa_squad_16k,match,1,True,19,0.05263157894736842,0.15789473684210525,0.0,False,False,0.0,True,0.0,1.0,1.0,0.0,1.0,1.0,True,0.40977443609022557,0.33834586466165417,0.33834586466165417
ruler_vt_16k:0113,ruler_vt_16k,best,4,True,3,0.3333333333333333,0.0,0.0,False,False,0.0,True,0.0,0.19999999999999996,1.0,0.0,0.19999999999999996,0.19999999999999996,True,0.6444444444444445,0.5777777777777778,0.37777777777777777
ruler_vt_16k:0113,ruler_vt_16k,match,4,True,3,0.3333333333333333,0.0,0.0,False,False,0.0,True,0.0,0.19999999999999996,1.0,0.0,0.19999999999999996,0.19999999999999996,True,0.6444444444444445,0.5777777777777778,0.37777777777777777
ruler_vt_16k:0420,ruler_vt_16k,best,1,True,102,0.16666666666666666,0.11764705882352941,0.0,False,False,0.0,True,0.0,0.3058823529411764,0.7647058823529411,0.23529411764705882,0.0,0.4,False,0.5222222222222221,0.45555555555555544,0.45555555555555544
ruler_vt_16k:0420,ruler_vt_16k,match,1,True,102,0.16666666666666666,0.11764705882352941,0.0,False,False,0.0,True,0.0,0.3058823529411764,0.7647058823529411,0.23529411764705882,0.0,0.4,False,0.5222222222222221,0.45555555555555544,0.45555555555555544
ruler_vt_16k:0065,ruler_vt_16k,best,1,True,27,0.37037037037037035,0.14814814814814814,0.0,False,False,0.0,True,0.0,0.5407407407407406,1.0,0.0,0.19999999999999996,0.6,True,0.471604938271605,0.3432098765432099,0.3432098765432099
ruler_vt_16k:0065,ruler_vt_16k,match,1,True,27,0.37037037037037035,0.14814814814814814,0.0,False,False,0.0,True,0.0,0.5407407407407406,1.0,0.0,0.19999999999999996,0.6,True,0.471604938271605,0.3432098765432099,0.3432098765432099
ruler_fwe_16k:0010,ruler_fwe_16k,best,3,True,9,0.1111111111111111,0.1111111111111111,0.0,False,False,0.0,True,0.0,0.33333333333333337,1.0,0.0,0.33333333333333337,0.33333333333333337,True,0.4296296296296297,0.36296296296296293,0.2740740740740741
ruler_fwe_16k:0010,ruler_fwe_16k,match,3,True,9,0.1111111111111111,0.1111111111111111,0.0,False,False,0.0,True,0.0,0.33333333333333337,1.0,0.0,0.33333333333333337,0.33333333333333337,True,0.4296296296296297,0.36296296296296293,0.2740740740740741
ruler_vt_16k:0381,ruler_vt_16k,best,1,True,14,0.0,0.2857142857142857,0.0,False,False,0.0,True,0.0,0.4000000000000001,1.0,0.0,0.4,0.4,True,0.3190476190476191,0.21428571428571427,0.21428571428571427
ruler_vt_16k:0381,ruler_vt_16k,match,1,True,14,0.0,0.2857142857142857,0.0,False,False,0.0,True,0.0,0.4000000000000001,1.0,0.0,0.4,0.4,True,0.3190476190476191,0.21428571428571427,0.21428571428571427
ruler_vt_16k:0194,ruler_vt_16k,best,1,True,136,0.35294117647058826,0.125,0.0,False,False,0.0,True,0.0,0.2823529411764706,0.7058823529411765,0.29411764705882354,0.0,0.4,False,0.5029411764705882,0.4362745098039215,0.4362745098039215
ruler_vt_16k:0194,ruler_vt_16k,match,1,True,136,0.35294117647058826,0.125,0.0,False,False,0.0,True,0.0,0.2823529411764706,0.7058823529411765,0.29411764705882354,0.0,0.4,False,0.5029411764705882,0.4362745098039215,0.4362745098039215
ruler_niah_multikey_3_16k:0208,ruler_niah_multikey_3_16k,best,6,False,588,0.14285714285714285,0.14285714285714285,0.0,False,False,0.0,True,0.0,0.0,0.0,1.0,0.0,0.0,False,0.5,0.4333333333333333,0.23333333333333336
ruler_vt_16k:0310,ruler_vt_16k,best,1,True,6,0.0,0.16666666666666666,0.0,False,False,0.0,True,0.0,0.3666666666666667,1.0,0.0,0.20000000000000007,0.4,True,0.2888888888888889,0.22222222222222224,0.22222222222222224
ruler_vt_16k:0310,ruler_vt_16k,match,1,True,6,0.0,0.16666666666666666,0.0,False,False,0.0,True,0.0,0.3666666666666667,1.0,0.0,0.20000000000000007,0.4,True,0.2888888888888889,0.22222222222222224,0.22222222222222224
ruler_fwe_16k:0256,ruler_fwe_16k,best,4,True,1,0.0,0.0,0.0,False,False,0.0,True,0.0,0.3333333333333333,1.0,0.0,0.3333333333333333,0.3333333333333333,True,0.4666666666666667,0.4,0.13333333333333333
ruler_fwe_16k:0256,ruler_fwe_16k,match,4,True,1,0.0,0.0,0.0,False,False,0.0,True,0.0,0.3333333333333333,1.0,0.0,0.3333333333333333,0.3333333333333333,True,0.4666666666666667,0.4,0.13333333333333333
ruler_vt_16k:0416,ruler_vt_16k,best,1,True,57,0.2631578947368421,0.21052631578947367,0.0,False,False,0.0,True,0.0,0.343859649122807,0.8596491228070176,0.14035087719298245,0.0,0.4,False,0.5450292397660819,0.42105263157894735,0.42105263157894735
ruler_vt_16k:0416,ruler_vt_16k,match,1,True,57,0.2631578947368421,0.21052631578947367,0.0,False,False,0.0,True,0.0,0.343859649122807,0.8596491228070176,0.14035087719298245,0.0,0.4,False,0.5450292397660819,0.42105263157894735,0.42105263157894735
ruler_niah_multivalue_16k:0496,ruler_niah_multivalue_16k,best,2,True,20,0.25,0.2,0.0,False,False,0.0,True,0.0,0.225,0.9,0.1,0.0,0.25,False,0.5066666666666667,0.43999999999999995,0.3733333333333334
ruler_niah_multivalue_16k:0496,ruler_niah_multivalue_16k,match,2,True,20,0.25,0.2,0.0,False,False,0.0,True,0.0,0.225,0.9,0.1,0.0,0.25,False,0.5066666666666667,0.43999999999999995,0.3733333333333334
ruler_vt_16k:0057,ruler_vt_16k,best,5,True,7,0.0,0.2857142857142857,0.0,False,False,0.0,True,0.0,0.42857142857142855,1.0,0.0,0.4,0.6000000000000001,True,0.6857142857142857,0.6190476190476192,0.23809523809523814
ruler_vt_16k:0057,ruler_vt_16k,match,5,True,7,0.0,0.2857142857142857,0.0,False,False,0.0,True,0.0,0.42857142857142855,1.0,0.0,0.4,0.6000000000000001,True,0.6857142857142857,0.6190476190476192,0.23809523809523814
ruler_qa_hotpotqa_16k:0006,ruler_qa_hotpotqa_16k,best,4,False,546,0.14285714285714285,0.14285714285714285,0.023809523809523808,True,False,0.023809523809523808,False,0.023809523809523808,0.0,0.0,1.0,0.0,0.0,False,0.5,0.31868131868131866,0.42857142857142855
ruler_niah_multikey_2_16k:0045,ruler_niah_multikey_2_16k,best,2,True,23,0.7391304347826086,0.21739130434782608,0.0,False,False,0.0,True,0.0,1.0,1.0,0.0,1.0,1.0,True,0.5565217391304346,0.48985507246376797,0.42318840579710143
ruler_niah_multikey_2_16k:0045,ruler_niah_multikey_2_16k,match,2,True,23,0.7391304347826086,0.21739130434782608,0.0,False,False,0.0,True,0.0,1.0,1.0,0.0,1.0,1.0,True,0.5565217391304346,0.48985507246376797,0.42318840579710143
