set,task,n,type,observed_mass,observed_fraction,expected_mass,enrichment
best,ALL_TASKS,170,ALL_to_OFF,6.479148471563063,0.03811263806801802,2.852729175223455,2.2712105053069225
best,ALL_TASKS,170,ALL_to_layer,28.92118838977522,0.17012463758691307,24.13169909759812,1.1984729410393573
best,ALL_TASKS,170,OFF_to_ALL,5.412659746093092,0.031839174977018186,2.852729175223455,1.897361934355061
best,ALL_TASKS,170,OFF_to_layer,12.51363758084221,0.07360963282848358,12.590323551141704,0.9939091342658513
best,ALL_TASKS,170,deep_to_shallow,38.0479177282038,0.22381128075414,45.42524817603672,0.8375940529979383
best,ALL_TASKS,170,layer_to_ALL,26.368674031655125,0.15510984724503016,24.13169909759812,1.0926986087887884
best,ALL_TASKS,170,layer_to_OFF,11.366309963789822,0.06686064684582249,12.590323551141704,0.9027814033229601
best,ALL_TASKS,170,shallow_to_deep,40.89046408807763,0.2405321416945743,45.42524817603672,0.900170405885612
best,ruler_fwe_16k,21,ALL_to_OFF,0.6393650793650794,0.030445956160241875,0.037037037037037035,17.262857142857143
best,ruler_fwe_16k,21,ALL_to_layer,2.6894219505984207,0.12806771193325814,1.8440170940170941,1.4584582536269535
best,ruler_fwe_16k,21,OFF_to_ALL,0.5003174603174603,0.023824640967498107,0.037037037037037035,13.508571428571429
best,ruler_fwe_16k,21,OFF_to_layer,1.579127762215997,0.07519656010552367,1.4069200779727096,1.1224004738715712
best,ruler_fwe_16k,21,deep_to_shallow,4.9662408397702515,0.23648765903667865,7.2120257909731595,0.6886055296677092
best,ruler_fwe_16k,21,layer_to_ALL,4.356145134821605,0.2074354826105526,1.8440170940170941,2.362312772997116
best,ruler_fwe_16k,21,layer_to_OFF,0.9934796140678495,0.04730855305084997,1.4069200779727096,0.7061379175847686
best,ruler_fwe_16k,21,shallow_to_deep,5.275902158843334,0.2512334361353969,7.2120257909731595,0.7315423310669313
best,ruler_niah_multikey_1_16k,1,ALL_to_OFF,0,0.0,0.0,
best,ruler_niah_multikey_1_16k,1,ALL_to_layer,0,0.0,0.0,
best,ruler_niah_multikey_1_16k,1,OFF_to_ALL,0,0.0,0.0,
best,ruler_niah_multikey_1_16k,1,OFF_to_layer,0,0.0,0.0,
best,ruler_niah_multikey_1_16k,1,deep_to_shallow,0,0.0,0.5,0.0
best,ruler_niah_multikey_1_16k,1,layer_to_ALL,0,0.0,0.0,
best,ruler_niah_multikey_1_16k,1,layer_to_OFF,0,0.0,0.0,
best,ruler_niah_multikey_1_16k,1,shallow_to_deep,1.0,1.0,0.5,2.0
best,ruler_niah_multikey_2_16k,4,ALL_to_OFF,0.15941465941465943,0.03985366485366486,0.0,
best,ruler_niah_multikey_2_16k,4,ALL_to_layer,0.7364334538247581,0.18410836345618953,1.259259259259259,0.5848148015667197
best,ruler_niah_multikey_2_16k,4,OFF_to_ALL,0.05976430976430976,0.01494107744107744,0.0,
best,ruler_niah_multikey_2_16k,4,OFF_to_layer,0.1866068713894801,0.046651717847370024,0.0,
best,ruler_niah_multikey_2_16k,4,deep_to_shallow,0.6101032622771753,0.15252581556929382,0.7407407407407407,0.8236394040741867
best,ruler_niah_multikey_2_16k,4,layer_to_ALL,0.36001036001036,0.09000259000259,1.259259259259259,0.2858905800082271
best,ruler_niah_multikey_2_16k,4,layer_to_OFF,0.35660675878067183,0.08915168969516796,0.0,
best,ruler_niah_multikey_2_16k,4,shallow_to_deep,1.5310603245385852,0.3827650811346463,0.7407407407407407,2.06693143812709
best,ruler_niah_multikey_3_16k,16,ALL_to_OFF,1.0854254217192816,0.0678390888574551,0.018518518518518517,58.61297277284121
best,ruler_niah_multikey_3_16k,16,ALL_to_layer,4.539382642808658,0.2837114151755411,3.18022792022792,1.42737651409693
best,ruler_niah_multikey_3_16k,16,OFF_to_ALL,0.3900476675695974,0.024377979223099838,0.018518518518518517,21.06257404875826
best,ruler_niah_multikey_3_16k,16,OFF_to_layer,1.0748193362352583,0.06717620851470364,1.5023635319416062,0.7154189471347168
best,ruler_niah_multikey_3_16k,16,deep_to_shallow,2.651819715494822,0.1657387322184264,3.2988900293119556,0.8038521114472883
best,ruler_niah_multikey_3_16k,16,layer_to_ALL,2.186603632079053,0.1366627270049408,3.18022792022792,0.6875619254114164
best,ruler_niah_multikey_3_16k,16,layer_to_OFF,1.0178995926223666,0.06361872453889791,1.5023635319416062,0.6775321491642345
best,ruler_niah_multikey_3_16k,16,shallow_to_deep,3.054001991470958,0.1908751244669349,3.2988900293119556,0.9257665349056594
best,ruler_niah_multiquery_16k,12,ALL_to_OFF,0.10239947604493314,0.008533289670411096,0.5,0.2047989520898663
best,ruler_niah_multiquery_16k,12,ALL_to_layer,0.9780446802536272,0.08150372335446894,1.5,0.6520297868357515
best,ruler_niah_multiquery_16k,12,OFF_to_ALL,0.7673106947697105,0.06394255789747587,0.5,1.534621389539421
best,ruler_niah_multiquery_16k,12,OFF_to_layer,0.9716708124390816,0.0809725677032568,0.0,
best,ruler_niah_multiquery_16k,12,deep_to_shallow,3.524011703721344,0.2936676419767787,4.0,0.881002925930336
best,ruler_niah_multiquery_16k,12,layer_to_ALL,2.215222666202104,0.18460188885017534,1.5,1.4768151108014027
best,ruler_niah_multiquery_16k,12,layer_to_OFF,0.9103464219190809,0.07586220182659008,0.0,
best,ruler_niah_multiquery_16k,12,shallow_to_deep,2.530993544650115,0.2109161287208429,4.0,0.6327483861625287
best,ruler_niah_multivalue_16k,8,ALL_to_OFF,0.4413892400618064,0.0551736550077258,0.0,
best,ruler_niah_multivalue_16k,8,ALL_to_layer,1.5162603677678794,0.18953254597098493,0.7592592592592593,1.9970258502308655
best,ruler_niah_multivalue_16k,8,OFF_to_ALL,0.22922926528092202,0.028653658160115253,0.0,
best,ruler_niah_multivalue_16k,8,OFF_to_layer,0.3051855989703283,0.03814819987129104,0.5,0.6103711979406566
best,ruler_niah_multivalue_16k,8,deep_to_shallow,1.7339183220794663,0.21673979025993328,2.7407407407407405,0.6326458742722377
best,ruler_niah_multivalue_16k,8,layer_to_ALL,0.8999389122459713,0.11249236403074642,0.7592592592592593,1.185285396616645
best,ruler_niah_multivalue_16k,8,layer_to_OFF,0.45064607650016175,0.05633075956252022,0.5,0.9012921530003235
best,ruler_niah_multivalue_16k,8,shallow_to_deep,2.4234322170934646,0.30292902713668307,2.7407407407407405,0.8842252683989669
best,ruler_qa_hotpotqa_16k,14,ALL_to_OFF,0.4677524722659361,0.03341089087613829,0.14035087719298248,3.332736364894794
best,ruler_qa_hotpotqa_16k,14,ALL_to_layer,1.8691102756892224,0.13350787683494444,1.9617543859649125,0.9527748677721845
best,ruler_qa_hotpotqa_16k,14,OFF_to_ALL,0.519610557401255,0.037115039814375354,0.14035087719298248,3.702225221483941
best,ruler_qa_hotpotqa_16k,14,OFF_to_layer,1.219453672942045,0.08710383378157464,0.8477192982456141,1.4385111622039852
best,ruler_qa_hotpotqa_16k,14,deep_to_shallow,3.49000383711216,0.24928598836515428,4.050175438596492,0.861692015573911
best,ruler_qa_hotpotqa_16k,14,layer_to_ALL,2.080240086650735,0.14858857761790964,1.9617543859649125,1.0603978263199059
best,ruler_qa_hotpotqa_16k,14,layer_to_OFF,1.1093450680965977,0.07923893343547127,0.8477192982456141,1.3086231142695792
best,ruler_qa_hotpotqa_16k,14,shallow_to_deep,3.2444840298420465,0.2317488592744319,4.050175438596492,0.8010724668673509
best,ruler_qa_squad_16k,17,ALL_to_OFF,0.6760859024016914,0.03976975896480538,0.7391304347826086,0.9147044561905238
best,ruler_qa_squad_16k,17,ALL_to_layer,2.852623341570709,0.16780137303357112,3.2016563146997927,0.8909836225935415
best,ruler_qa_squad_16k,17,OFF_to_ALL,0.9894920284393967,0.05820541343761157,0.7391304347826086,1.3387245090650661
best,ruler_qa_squad_16k,17,OFF_to_layer,0.7957642357642354,0.04680966092730796,1.2391304347826086,0.642195699037804
best,ruler_qa_squad_16k,17,deep_to_shallow,5.182296124927703,0.304840948525159,3.32008281573499,1.5608936320404592
best,ruler_qa_squad_16k,17,layer_to_ALL,2.9505788947894205,0.17356346439937767,3.2016563146997927,0.9215788969110774
best,ruler_qa_squad_16k,17,layer_to_OFF,0.634295704295704,0.037311512017394355,1.2391304347826086,0.5118877613614454
best,ruler_qa_squad_16k,17,shallow_to_deep,2.918863767811135,0.17169786869477266,3.3200828157349895,0.8791539036248306
best,ruler_vt_16k,77,ALL_to_OFF,2.9073162202896854,0.03775735351025566,1.4176923076923078,2.0507385167534404
best,ruler_vt_16k,77,ALL_to_layer,13.739911677261944,0.17844041139301225,10.425524864169882,1.3179107868691429
best,ruler_vt_16k,77,OFF_to_ALL,1.9568877625504457,0.025414126786369427,1.4176923076923078,1.3803332020160495
best,ruler_vt_16k,77,OFF_to_layer,6.381009290885785,0.08287025053098422,7.0941902081991675,0.8994697215068864
best,ruler_vt_16k,77,deep_to_shallow,15.889523922820905,0.20635745354312862,19.562592619938645,0.8122401887889816
best,ruler_vt_16k,77,layer_to_ALL,11.319934344855877,0.14701213434877763,10.425524864169882,1.0857903551465187
best,ruler_vt_16k,77,layer_to_OFF,5.893690727507385,0.07654143801957643,7.0941902081991675,0.8307770942898747
best,ruler_vt_16k,77,shallow_to_deep,18.911726053827987,0.24560683186789595,19.562592619938645,0.9667290231537471
match,ALL_TASKS,154,ALL_to_OFF,6.0740152730511,0.03944165761721494,2.3710586294796823,2.5617313707607536
match,ALL_TASKS,154,ALL_to_layer,26.968206091320685,0.17511822137221225,22.667464840457683,1.189731903463103
match,ALL_TASKS,154,OFF_to_ALL,5.018506998483678,0.032587707782361544,2.3710586294796823,2.1165680747358686
match,ALL_TASKS,154,OFF_to_layer,10.552970464771006,0.06852578223877276,10.932888990888118,0.9652499420387648
match,ALL_TASKS,154,deep_to_shallow,34.28384512440387,0.22262237093768744,41.02858753917452,0.8356087104307284
match,ALL_TASKS,154,layer_to_ALL,24.461351234361533,0.1588399430802697,22.667464840457683,1.0791392600156176
match,ALL_TASKS,154,layer_to_OFF,9.452126257201046,0.06137744322857822,10.932888990888118,0.8645588796409444
match,ALL_TASKS,154,shallow_to_deep,37.18897855640711,0.24148687374290329,41.02858753917452,0.9064162523484068
match,ruler_fwe_16k,20,ALL_to_OFF,0.6155555555555556,0.030777777777777782,0.037037037037037035,16.620000000000005
match,ruler_fwe_16k,20,ALL_to_layer,2.5703743315508025,0.12851871657754013,1.8440170940170941,1.3938994057540852
match,ruler_fwe_16k,20,OFF_to_ALL,0.4765079365079365,0.023825396825396826,0.037037037037037035,12.865714285714287
match,ruler_fwe_16k,20,OFF_to_layer,1.4600801431683783,0.07300400715841891,1.4069200779727096,1.0377847086184664
match,ruler_fwe_16k,20,deep_to_shallow,4.728145601675013,0.23640728008375067,6.7120257909731595,0.7044289978792664
match,ruler_fwe_16k,20,layer_to_ALL,4.2370975157739865,0.21185487578869933,1.8440170940170941,2.2977539251242476
match,ruler_fwe_16k,20,layer_to_OFF,0.8744319950202303,0.04372159975101152,1.4069200779727096,0.6215221523316635
match,ruler_fwe_16k,20,shallow_to_deep,5.037806920748097,0.25189034603740484,6.712025790973159,0.7505642972235479
match,ruler_niah_multikey_1_16k,1,ALL_to_OFF,0,0.0,0.0,
match,ruler_niah_multikey_1_16k,1,ALL_to_layer,0,0.0,0.0,
match,ruler_niah_multikey_1_16k,1,OFF_to_ALL,0,0.0,0.0,
match,ruler_niah_multikey_1_16k,1,OFF_to_layer,0,0.0,0.0,
match,ruler_niah_multikey_1_16k,1,deep_to_shallow,0,0.0,0.5,0.0
match,ruler_niah_multikey_1_16k,1,layer_to_ALL,0,0.0,0.0,
match,ruler_niah_multikey_1_16k,1,layer_to_OFF,0,0.0,0.0,
match,ruler_niah_multikey_1_16k,1,shallow_to_deep,1.0,1.0,0.5,2.0
match,ruler_niah_multikey_2_16k,4,ALL_to_OFF,0.15941465941465943,0.03985366485366486,0.0,
match,ruler_niah_multikey_2_16k,4,ALL_to_layer,0.7364334538247581,0.18410836345618953,1.259259259259259,0.5848148015667197
match,ruler_niah_multikey_2_16k,4,OFF_to_ALL,0.05976430976430976,0.01494107744107744,0.0,
match,ruler_niah_multikey_2_16k,4,OFF_to_layer,0.1866068713894801,0.046651717847370024,0.0,
match,ruler_niah_multikey_2_16k,4,deep_to_shallow,0.6101032622771753,0.15252581556929382,0.7407407407407407,0.8236394040741867
match,ruler_niah_multikey_2_16k,4,layer_to_ALL,0.36001036001036,0.09000259000259,1.259259259259259,0.2858905800082271
match,ruler_niah_multikey_2_16k,4,layer_to_OFF,0.35660675878067183,0.08915168969516796,0.0,
match,ruler_niah_multikey_2_16k,4,shallow_to_deep,1.5310603245385852,0.3827650811346463,0.7407407407407407,2.06693143812709
match,ruler_niah_multikey_3_16k,12,ALL_to_OFF,0.9901873264811862,0.08251561054009886,0.0,
match,ruler_niah_multikey_3_16k,12,ALL_to_layer,4.063192166618185,0.3385993472181821,2.7600000000000002,1.472171074861661
match,ruler_niah_multikey_3_16k,12,OFF_to_ALL,0.2948095723315022,0.024567464360958514,0.0,
match,ruler_niah_multikey_3_16k,12,OFF_to_layer,0.598628860044782,0.049885738337065166,0.8786440677966101,0.6813098522886215
match,ruler_niah_multikey_3_16k,12,deep_to_shallow,1.6994387631138708,0.1416198969261559,2.36135593220339,0.7196876760243925
match,ruler_niah_multikey_3_16k,12,layer_to_ALL,1.710413155888578,0.1425344296573815,2.7600000000000002,0.6197149115538325
match,ruler_niah_multikey_3_16k,12,layer_to_OFF,0.5417091164318903,0.045142426369324196,0.8786440677966101,0.6165285082847518
match,ruler_niah_multikey_3_16k,12,shallow_to_deep,2.101621039090006,0.17513508659083385,2.36135593220339,0.8900060386614294
match,ruler_niah_multiquery_16k,11,ALL_to_OFF,0.07858995223540931,0.007144541112309937,0.5,0.15717990447081862
match,ruler_niah_multiquery_16k,11,ALL_to_layer,0.858997061206008,0.07809064192781891,1.5,0.572664707470672
match,ruler_niah_multiquery_16k,11,OFF_to_ALL,0.7435011709601874,0.06759101554183522,0.5,1.4870023419203748
match,ruler_niah_multiquery_16k,11,OFF_to_layer,0.8526231933914623,0.07751119939922385,0.0,
match,ruler_niah_multiquery_16k,11,deep_to_shallow,3.2859164656261077,0.29871967869328253,3.5000000000000004,0.9388332758931736
match,ruler_niah_multiquery_16k,11,layer_to_ALL,2.0961750471544858,0.19056136792313508,1.5,1.3974500314363238
match,ruler_niah_multiquery_16k,11,layer_to_OFF,0.7912988028714619,0.07193625480649654,0.0,
match,ruler_niah_multiquery_16k,11,shallow_to_deep,2.2928983065548776,0.20844530059589797,3.5000000000000004,0.6551138018728221
match,ruler_niah_multivalue_16k,8,ALL_to_OFF,0.4413892400618064,0.0551736550077258,0.0,
match,ruler_niah_multivalue_16k,8,ALL_to_layer,1.5162603677678794,0.18953254597098493,0.7592592592592593,1.9970258502308655
match,ruler_niah_multivalue_16k,8,OFF_to_ALL,0.22922926528092202,0.028653658160115253,0.0,
match,ruler_niah_multivalue_16k,8,OFF_to_layer,0.3051855989703283,0.03814819987129104,0.5,0.6103711979406566
match,ruler_niah_multivalue_16k,8,deep_to_shallow,1.7339183220794663,0.21673979025993328,2.7407407407407405,0.6326458742722377
match,ruler_niah_multivalue_16k,8,layer_to_ALL,0.8999389122459713,0.11249236403074642,0.7592592592592593,1.185285396616645
match,ruler_niah_multivalue_16k,8,layer_to_OFF,0.45064607650016175,0.05633075956252022,0.5,0.9012921530003235
match,ruler_niah_multivalue_16k,8,shallow_to_deep,2.4234322170934646,0.30292902713668307,2.7407407407407405,0.8842252683989669
match,ruler_qa_hotpotqa_16k,12,ALL_to_OFF,0.4201334246468885,0.035011118720574046,0.07017543859649124,5.98690130121816
match,ruler_qa_hotpotqa_16k,12,ALL_to_layer,1.631015037593985,0.13591791979949874,1.6108771929824561,1.012501166879298
match,ruler_qa_hotpotqa_16k,12,OFF_to_ALL,0.4719915097822074,0.03933262581518395,0.07017543859649124,6.725879014396455
match,ruler_qa_hotpotqa_16k,12,OFF_to_layer,0.9813584348468071,0.08177986957056725,0.803859649122807,1.2208081795344392
match,ruler_qa_hotpotqa_16k,12,deep_to_shallow,3.013813360921684,0.25115111341014035,3.515087719298246,0.8573934995634656
match,ruler_qa_hotpotqa_16k,12,layer_to_ALL,1.8421448485554972,0.1535120707129581,1.6108771929824561,1.1435662858599798
match,ruler_qa_hotpotqa_16k,12,layer_to_OFF,0.87124983000136,0.07260415250011333,0.803859649122807,1.0838332673521938
match,ruler_qa_hotpotqa_16k,12,shallow_to_deep,2.7682935536515707,0.23069112947096423,3.515087719298246,0.787546079846973
match,ruler_qa_squad_16k,15,ALL_to_OFF,0.628466854782644,0.04189779031884293,0.5,1.256933709565288
match,ruler_qa_squad_16k,15,ALL_to_layer,2.6145281034754717,0.17430187356503143,3.17991718426501,0.8222000611880025
match,ruler_qa_squad_16k,15,OFF_to_ALL,0.9418729808203492,0.06279153205468994,0.5,1.8837459616406984
match,ruler_qa_squad_16k,15,OFF_to_layer,0.5576689976689977,0.03717793317793318,1.0,0.5576689976689977
match,ruler_qa_squad_16k,15,deep_to_shallow,4.706105648737228,0.3137403765824819,2.82008281573499,1.6687827827179216
match,ruler_qa_squad_16k,15,layer_to_ALL,2.712483656694183,0.18083224377961218,3.17991718426501,0.853004496505821
match,ruler_qa_squad_16k,15,layer_to_OFF,0.39620046620046623,0.026413364413364414,1.0,0.39620046620046623
match,ruler_qa_squad_16k,15,shallow_to_deep,2.44267329162066,0.162844886108044,2.8200828157349895,0.8661707656213046
match,ruler_vt_16k,71,ALL_to_OFF,2.7402782598729503,0.038595468448914795,1.263846153846154,2.16820556167671
match,ruler_vt_16k,71,ALL_to_layer,12.977405569283583,0.1827803601307547,9.754134850674605,1.330451728211042
match,ruler_vt_16k,71,OFF_to_ALL,1.8008302530362659,0.025363806380792477,1.263846153846154,1.4248809062368504
match,ruler_vt_16k,71,OFF_to_layer,5.610818365290769,0.07902561077874323,6.343465195995991,0.8845036887460705
match,ruler_vt_16k,71,deep_to_shallow,14.506403699973323,0.2043155450700468,18.13855379948325,0.7997552539379735
match,ruler_vt_16k,71,layer_to_ALL,10.603087738038479,0.14933926391603491,9.754134850674605,1.0870351805014424
match,ruler_vt_16k,71,layer_to_OFF,5.169983211394804,0.07281666494922259,6.343465195995991,0.8150093129947507
match,ruler_vt_16k,71,shallow_to_deep,17.591192903109828,0.24776328032549053,18.13855379948325,0.9698233441086678
