set,task,n,A,B,observed_mass,observed_fraction,expected_mass,enrichment
best,ALL_TASKS,170,OFF,L0,4.153903030435726,0.024434723708445443,2.044979992064635,2.0312682992276603
best,ALL_TASKS,170,OFF,L6,2.8108554516711233,0.016534443833359547,5.855686616067354,0.4800214963619207
best,ALL_TASKS,170,OFF,L12,2.9691395830241953,0.017465526958965853,1.3798196055109528,2.151831711308893
best,ALL_TASKS,170,OFF,L18,1.8702286833713009,0.01100134519630177,1.8844173662469317,0.9924705199974412
best,ALL_TASKS,170,OFF,L24,0.7095108323398651,0.004173593131410971,1.4254199712518316,0.4977556415999692
best,ALL_TASKS,170,OFF,ALL,5.412659746093092,0.031839174977018186,2.852729175223455,1.897361934355061
best,ALL_TASKS,170,L0,OFF,3.4989281266568146,0.020581930156804793,2.044979992064635,1.7109840390781805
best,ALL_TASKS,170,L0,L6,4.566919771255618,0.02686423394856246,1.9104842468745624,2.390451414989066
best,ALL_TASKS,170,L0,L12,5.840745525044566,0.03435732661790921,6.634398894319881,0.8803729799914788
best,ALL_TASKS,170,L0,L18,6.888874385550786,0.04052279050323992,6.971612584669184,0.9881321289567436
best,ALL_TASKS,170,L0,L24,4.90068012833738,0.02882753016669047,9.196461530132376,0.5328875798893097
best,ALL_TASKS,170,L0,ALL,5.813950741159956,0.03419971024211739,3.8178798058977232,1.5228218374446398
best,ALL_TASKS,170,L6,OFF,3.1837841139505882,0.018728141846768166,5.855686616067354,0.543708077753792
best,ALL_TASKS,170,L6,L0,9.602584196158562,0.05648578938916801,1.9104842468745624,5.026256673860469
best,ALL_TASKS,170,L6,L12,3.645159424156596,0.021442114259744682,5.675327765716781,0.6422817455894058
best,ALL_TASKS,170,L6,L18,5.5538480141268405,0.03266969420074612,4.293907693935883,1.2934251059868664
best,ALL_TASKS,170,L6,L24,1.965017999609599,0.01155892940946823,0.8530799220272905,2.303439512372836
best,ALL_TASKS,170,L6,ALL,5.66786213367135,0.03334036549218441,5.832388794356758,0.9717908619458636
best,ALL_TASKS,170,L12,OFF,1.5590418337149783,0.00917083431597046,1.3798196055109528,1.1298881589218024
best,ALL_TASKS,170,L12,L0,4.422596549188756,0.02601527381875739,6.634398894319881,0.6666160144478521
best,ALL_TASKS,170,L12,L6,4.0305775708239056,0.023709279828375916,5.675327765716781,0.7101929152306594
best,ALL_TASKS,170,L12,L18,2.7017933327199906,0.015892901957176415,2.367441101252749,1.1412293768534796
best,ALL_TASKS,170,L12,L24,2.6236644786365106,0.01543332046256771,2.0042244837274787,1.3090671728333498
best,ALL_TASKS,170,L12,ALL,4.798830137873836,0.028228412575728445,4.845872969305464,0.9902921864172657
best,ALL_TASKS,170,L18,OFF,2.091551365947154,0.012303243329100905,1.8844173662469317,1.1099193859122394
best,ALL_TASKS,170,L18,L0,5.463288752940355,0.032136992664355025,6.971612584669184,0.783647784008296
best,ALL_TASKS,170,L18,L6,2.4445783341114105,0.014379872553596532,4.293907693935883,0.5693132010182222
best,ALL_TASKS,170,L18,L12,2.61526582540976,0.015383916620057413,2.367441101252749,1.1046804180369567
best,ALL_TASKS,170,L18,L24,2.203761028639742,0.012963300168469073,5.518309953380534,0.399354339871705
best,ALL_TASKS,170,L18,ALL,3.792291706816864,0.022307598275393317,4.597294181079175,0.8248964624505835
best,ALL_TASKS,170,L24,OFF,1.0330045235202867,0.006076497197178157,1.4254199712518316,0.7247018733805742
best,ALL_TASKS,170,L24,L0,3.4791211428576356,0.020465418487397857,9.196461530132376,0.3783108461290498
best,ALL_TASKS,170,L24,L6,2.3109148197727443,0.013593616586898496,0.8530799220272905,2.708907758936585
best,ALL_TASKS,170,L24,L12,1.9500534200727153,0.011470902471015973,2.0042244837274787,0.9729715587776797
best,ALL_TASKS,170,L24,L18,1.7289371168679641,0.010170218334517436,5.518309953380534,0.31330917100965155
best,ALL_TASKS,170,L24,ALL,6.295739312133118,0.03703376065960658,5.038263346958998,1.2495852000140304
best,ALL_TASKS,170,ALL,OFF,6.479148471563063,0.03811263806801802,2.852729175223455,2.2712105053069225
best,ALL_TASKS,170,ALL,L0,5.358252675394239,0.03151913338467199,3.8178798058977232,1.4034629029224555
best,ALL_TASKS,170,ALL,L6,5.185145732989374,0.030500857252878672,5.832388794356758,0.8890260776178646
best,ALL_TASKS,170,ALL,L12,6.011720157238096,0.03536305974845939,4.845872969305464,1.2405855859857025
best,ALL_TASKS,170,ALL,L18,6.591761726312239,0.038775068978307285,4.597294181079175,1.4338350922683132
best,ALL_TASKS,170,ALL,L24,5.774308097841273,0.03396651822259573,5.038263346958998,1.146090964325344
best,ruler_fwe_16k,21,OFF,L0,0.5623280423280421,0.026777525825144862,0.0,
best,ruler_fwe_16k,21,OFF,L6,0.1949206349206348,0.009281934996220705,0.5843079922027291,0.33359227928035246
best,ruler_fwe_16k,21,OFF,L12,0.29678571428571426,0.01413265306122449,0.018518518518518517,16.02642857142857
best,ruler_fwe_16k,21,OFF,L18,0.5012838468720822,0.023870659374861054,0.554093567251462,0.9046916919802221
best,ruler_fwe_16k,21,OFF,L24,0.02380952380952381,0.0011337868480725624,0.25,0.09523809523809525
best,ruler_fwe_16k,21,OFF,ALL,0.5003174603174603,0.023824640967498107,0.037037037037037035,13.508571428571429
best,ruler_fwe_16k,21,L0,OFF,0.34936507936507943,0.01663643235071807,0.0,
best,ruler_fwe_16k,21,L0,L6,0.4177873977873977,0.01989463798987608,0.044159544159544165,9.460863007959778
best,ruler_fwe_16k,21,L0,L12,0.24909769968593487,0.011861795223139756,0.913105413105413,0.27280278499146066
best,ruler_fwe_16k,21,L0,L18,0.722020202020202,0.03438191438191438,0.7891737891737892,0.9149064653757794
best,ruler_fwe_16k,21,L0,L24,0.3249582661347366,0.015474203149273173,0.6723646723646725,0.48330657378513786
best,ruler_fwe_16k,21,L0,ALL,1.307037037037037,0.06223985890652557,0.17948717948717957,7.282063492063489
best,ruler_fwe_16k,21,L6,OFF,0.29513227513227513,0.014053917863441673,0.5843079922027291,0.5050971047301323
best,ruler_fwe_16k,21,L6,L0,1.781466202642673,0.08483172393536538,0.044159544159544165,40.34158949210182
best,ruler_fwe_16k,21,L6,L12,0.6325925925925926,0.030123456790123456,1.6353276353276351,0.386829268292683
best,ruler_fwe_16k,21,L6,L18,1.729642857142857,0.08236394557823129,0.8302594092067777,2.0832559534559714
best,ruler_fwe_16k,21,L6,L24,0.10084656084656085,0.004802217183169565,0.16666666666666669,0.605079365079365
best,ruler_fwe_16k,21,L6,ALL,0.7483076563958917,0.03563369792361389,0.5534188034188035,1.352154375263619
best,ruler_fwe_16k,21,L12,OFF,0.30136321195144716,0.014350629140545103,0.018518518518518517,16.273613445378146
best,ruler_fwe_16k,21,L12,L0,0.614074074074074,0.029241622574955904,0.913105413105413,0.6725117004680187
best,ruler_fwe_16k,21,L12,L6,0.7492997198879552,0.03568093904228358,1.6353276353276351,0.4581954733112758
best,ruler_fwe_16k,21,L12,L18,0.3144841269841269,0.014975434618291757,0.48074074074074075,0.6541657495047324
best,ruler_fwe_16k,21,L12,L24,0.5113632119514472,0.024350629140545105,0.74,0.6910313675019557
best,ruler_fwe_16k,21,L12,ALL,0.18233766233766224,0.008682745825602963,0.15384615384615388,1.1851948051948042
best,ruler_fwe_16k,21,L18,OFF,0.02380952380952381,0.0011337868480725624,0.554093567251462,0.04297022238974746
best,ruler_fwe_16k,21,L18,L0,0.5280394986277338,0.025144738029892085,0.7891737891737892,0.6691042022322548
best,ruler_fwe_16k,21,L18,L6,0.37216931216931204,0.017722348198538667,0.8302594092067777,0.44825666296860067
best,ruler_fwe_16k,21,L18,L12,0.24140211640211634,0.011495338876291254,0.48074074074074075,0.5021461589258198
best,ruler_fwe_16k,21,L18,L24,0.2731092436974789,0.013005202080832329,0.9402279202279202,0.2904713185195294
best,ruler_fwe_16k,21,L18,ALL,0.36020881079704603,0.01715280051414505,0.6944444444444444,0.5187006875477463
best,ruler_fwe_16k,21,L24,OFF,0.02380952380952381,0.0011337868480725624,0.25,0.09523809523809525
best,ruler_fwe_16k,21,L24,L0,0.24503968253968253,0.011668556311413454,0.6723646723646725,0.36444461259079897
best,ruler_fwe_16k,21,L24,L6,0.08380952380952382,0.00399092970521542,0.16666666666666669,0.5028571428571429
best,ruler_fwe_16k,21,L24,L12,0.2094841269841269,0.009975434618291758,0.74,0.283086658086658
best,ruler_fwe_16k,21,L24,L18,0.14145658263305314,0.006736027744431101,0.9402279202279202,0.1504492470280639
best,ruler_fwe_16k,21,L24,ALL,1.7582539682539682,0.08372637944066515,0.26282051282051283,6.6899419279907075
best,ruler_fwe_16k,21,ALL,OFF,0.6393650793650794,0.030445956160241875,0.037037037037037035,17.262857142857143
best,ruler_fwe_16k,21,ALL,L0,0.41744786803610323,0.019878469906481105,0.17948717948717957,2.325780979058288
best,ruler_fwe_16k,21,ALL,L6,0.6039125145007498,0.02875773878574999,0.5534188034188035,1.0912396014917023
best,ruler_fwe_16k,21,ALL,L12,0.6008465608465607,0.02861174099269337,0.15384615384615388,3.905502645502644
best,ruler_fwe_16k,21,ALL,L18,0.3199037999037998,0.015233514281133323,0.6944444444444444,0.4606614718614717
best,ruler_fwe_16k,21,ALL,L24,0.7473112073112074,0.03558624796720035,0.26282051282051283,2.843428008306057
best,ruler_niah_multikey_1_16k,1,OFF,L0,0,0.0,0.0,
best,ruler_niah_multikey_1_16k,1,OFF,L6,0,0.0,0.0,
best,ruler_niah_multikey_1_16k,1,OFF,L12,0,0.0,0.0,
best,ruler_niah_multikey_1_16k,1,OFF,L18,0,0.0,0.0,
best,ruler_niah_multikey_1_16k,1,OFF,L24,0,0.0,0.0,
best,ruler_niah_multikey_1_16k,1,OFF,ALL,0,0.0,0.0,
best,ruler_niah_multikey_1_16k,1,L0,OFF,0,0.0,0.0,
best,ruler_niah_multikey_1_16k,1,L0,L6,0,0.0,0.0,
best,ruler_niah_multikey_1_16k,1,L0,L12,0,0.0,0.0,
best,ruler_niah_multikey_1_16k,1,L0,L18,0,0.0,0.0,
best,ruler_niah_multikey_1_16k,1,L0,L24,0,0.0,0.0,
best,ruler_niah_multikey_1_16k,1,L0,ALL,0,0.0,0.0,
best,ruler_niah_multikey_1_16k,1,L6,OFF,0,0.0,0.0,
best,ruler_niah_multikey_1_16k,1,L6,L0,0,0.0,0.0,
best,ruler_niah_multikey_1_16k,1,L6,L12,0,0.0,0.0,
best,ruler_niah_multikey_1_16k,1,L6,L18,1.0,1.0,0.5,2.0
best,ruler_niah_multikey_1_16k,1,L6,L24,0,0.0,0.0,
best,ruler_niah_multikey_1_16k,1,L6,ALL,0,0.0,0.0,
best,ruler_niah_multikey_1_16k,1,L12,OFF,0,0.0,0.0,
best,ruler_niah_multikey_1_16k,1,L12,L0,0,0.0,0.0,
best,ruler_niah_multikey_1_16k,1,L12,L6,0,0.0,0.0,
best,ruler_niah_multikey_1_16k,1,L12,L18,0,0.0,0.0,
best,ruler_niah_multikey_1_16k,1,L12,L24,0,0.0,0.0,
best,ruler_niah_multikey_1_16k,1,L12,ALL,0,0.0,0.0,
best,ruler_niah_multikey_1_16k,1,L18,OFF,0,0.0,0.0,
best,ruler_niah_multikey_1_16k,1,L18,L0,0,0.0,0.0,
best,ruler_niah_multikey_1_16k,1,L18,L6,0,0.0,0.5,0.0
best,ruler_niah_multikey_1_16k,1,L18,L12,0,0.0,0.0,
best,ruler_niah_multikey_1_16k,1,L18,L24,0,0.0,0.0,
best,ruler_niah_multikey_1_16k,1,L18,ALL,0,0.0,0.0,
best,ruler_niah_multikey_1_16k,1,L24,OFF,0,0.0,0.0,
best,ruler_niah_multikey_1_16k,1,L24,L0,0,0.0,0.0,
best,ruler_niah_multikey_1_16k,1,L24,L6,0,0.0,0.0,
best,ruler_niah_multikey_1_16k,1,L24,L12,0,0.0,0.0,
best,ruler_niah_multikey_1_16k,1,L24,L18,0,0.0,0.0,
best,ruler_niah_multikey_1_16k,1,L24,ALL,0,0.0,0.0,
best,ruler_niah_multikey_1_16k,1,ALL,OFF,0,0.0,0.0,
best,ruler_niah_multikey_1_16k,1,ALL,L0,0,0.0,0.0,
best,ruler_niah_multikey_1_16k,1,ALL,L6,0,0.0,0.0,
best,ruler_niah_multikey_1_16k,1,ALL,L12,0,0.0,0.0,
best,ruler_niah_multikey_1_16k,1,ALL,L18,0,0.0,0.0,
best,ruler_niah_multikey_1_16k,1,ALL,L24,0,0.0,0.0,
best,ruler_niah_multikey_2_16k,4,OFF,L0,0.16387959866220736,0.04096989966555184,0.0,
best,ruler_niah_multikey_2_16k,4,OFF,L6,0,0.0,0.0,
best,ruler_niah_multikey_2_16k,4,OFF,L12,0.022727272727272728,0.005681818181818182,0.0,
best,ruler_niah_multikey_2_16k,4,OFF,L18,0,0.0,0.0,
best,ruler_niah_multikey_2_16k,4,OFF,L24,0,0.0,0.0,
best,ruler_niah_multikey_2_16k,4,OFF,ALL,0.05976430976430976,0.01494107744107744,0.0,
best,ruler_niah_multikey_2_16k,4,L0,OFF,0.2656976678715809,0.06642441696789522,0.0,
best,ruler_niah_multikey_2_16k,4,L0,L6,0.3347550195376282,0.08368875488440705,0.0,
best,ruler_niah_multikey_2_16k,4,L0,L12,0.52799454973368,0.13199863743342,0.0,
best,ruler_niah_multikey_2_16k,4,L0,L18,0.24154589371980675,0.06038647342995169,0.0,
best,ruler_niah_multikey_2_16k,4,L0,L24,0.2222194070020157,0.055554851750503925,0.7407407407407407,0.2999961994527212
best,ruler_niah_multikey_2_16k,4,L0,ALL,0.07407407407407407,0.018518518518518517,0.24074074074074073,0.3076923076923077
best,ruler_niah_multikey_2_16k,4,L6,OFF,0,0.0,0.0,
best,ruler_niah_multikey_2_16k,4,L6,L0,0.037037037037037035,0.009259259259259259,0.0,
best,ruler_niah_multikey_2_16k,4,L6,L12,0.06818181818181818,0.017045454545454544,0.0,
best,ruler_niah_multikey_2_16k,4,L6,L18,0.022727272727272728,0.005681818181818182,0.0,
best,ruler_niah_multikey_2_16k,4,L6,L24,0,0.0,0.0,
best,ruler_niah_multikey_2_16k,4,L6,ALL,0.022727272727272728,0.005681818181818182,0.0,
best,ruler_niah_multikey_2_16k,4,L12,OFF,0,0.0,0.0,
best,ruler_niah_multikey_2_16k,4,L12,L0,0.11396011396011396,0.02849002849002849,0.0,
best,ruler_niah_multikey_2_16k,4,L12,L6,0,0.0,0.0,
best,ruler_niah_multikey_2_16k,4,L12,L18,0.045454545454545456,0.011363636363636364,0.0,
best,ruler_niah_multikey_2_16k,4,L12,L24,0.022727272727272728,0.005681818181818182,0.0,
best,ruler_niah_multikey_2_16k,4,L12,ALL,0.08249158249158249,0.020622895622895623,0.5,0.16498316498316498
best,ruler_niah_multikey_2_16k,4,L18,OFF,0.09090909090909091,0.022727272727272728,0.0,
best,ruler_niah_multikey_2_16k,4,L18,L0,0.22506840985101856,0.05626710246275464,0.0,
best,ruler_niah_multikey_2_16k,4,L18,L6,0.043478260869565216,0.010869565217391304,0.0,
best,ruler_niah_multikey_2_16k,4,L18,L12,0.045454545454545456,0.011363636363636364,0.0,
best,ruler_niah_multikey_2_16k,4,L18,L24,0.045454545454545456,0.011363636363636364,0.0,
best,ruler_niah_multikey_2_16k,4,L18,ALL,0.09822584822584823,0.02455646205646206,0.0,
best,ruler_niah_multikey_2_16k,4,L24,OFF,0,0.0,0.0,
best,ruler_niah_multikey_2_16k,4,L24,L0,0.07692307692307693,0.019230769230769232,0.7407407407407407,0.10384615384615385
best,ruler_niah_multikey_2_16k,4,L24,L6,0,0.0,0.0,
best,ruler_niah_multikey_2_16k,4,L24,L12,0.045454545454545456,0.011363636363636364,0.0,
best,ruler_niah_multikey_2_16k,4,L24,L18,0.022727272727272728,0.005681818181818182,0.0,
best,ruler_niah_multikey_2_16k,4,L24,ALL,0.08249158249158249,0.020622895622895623,0.5185185185185185,0.1590909090909091
best,ruler_niah_multikey_2_16k,4,ALL,OFF,0.15941465941465943,0.03985366485366486,0.0,
best,ruler_niah_multikey_2_16k,4,ALL,L0,0.1259698433611477,0.03149246084028692,0.24074074074074073,0.5232593493463058
best,ruler_niah_multikey_2_16k,4,ALL,L6,0.24333074333074337,0.06083268583268584,0.0,
best,ruler_niah_multikey_2_16k,4,ALL,L12,0.14510489510489513,0.03627622377622378,0.5,0.29020979020979026
best,ruler_niah_multikey_2_16k,4,ALL,L18,0.16083916083916086,0.040209790209790215,0.0,
best,ruler_niah_multikey_2_16k,4,ALL,L24,0.06118881118881119,0.015297202797202798,0.5185185185185185,0.11800699300699302
best,ruler_niah_multikey_3_16k,16,OFF,L0,0.48226790174406864,0.03014174385900429,0.3566606563288858,1.3521757816184727
best,ruler_niah_multikey_3_16k,16,OFF,L6,0.10449735449735455,0.006531084656084659,1.0918045705279749,0.09571067690880036
best,ruler_niah_multikey_3_16k,16,OFF,L12,0.20721046151367242,0.012950653844604526,0.008474576271186446,24.450834458613333
best,ruler_niah_multikey_3_16k,16,OFF,L18,0.13297394429469905,0.00831087151841869,0.008474576271186446,15.690925426774479
best,ruler_niah_multikey_3_16k,16,OFF,L24,0.1478696741854637,0.009241854636591482,0.036949152542372896,4.001977420615759
best,ruler_niah_multikey_3_16k,16,OFF,ALL,0.3900476675695974,0.024377979223099838,0.018518518518518517,21.06257404875826
best,ruler_niah_multikey_3_16k,16,L0,OFF,0.3296844706104885,0.02060527941315553,0.3566606563288858,0.9243645598702598
best,ruler_niah_multikey_3_16k,16,L0,L6,0.6488380568424416,0.0405523785526526,0.3705825301569982,1.750859805958904
best,ruler_niah_multikey_3_16k,16,L0,L12,0.49882292009484996,0.031176432505928123,0.30923555863023183,1.6130839619622046
best,ruler_niah_multikey_3_16k,16,L0,L18,0.5046383846822442,0.03153989904264026,0.35083681451720206,1.438384923705038
best,ruler_niah_multikey_3_16k,16,L0,L24,0.3528352657738623,0.022052204110866395,1.2624771641236532,0.279478532998878
best,ruler_niah_multikey_3_16k,16,L0,ALL,0.22909124663510633,0.014318202914694145,0.5128205128205128,0.44672793093845736
best,ruler_niah_multikey_3_16k,16,L6,OFF,0.18040734260529034,0.011275458912830646,1.0918045705279749,0.16523776092826664
best,ruler_niah_multikey_3_16k,16,L6,L0,0.40694052168729433,0.025433782605455896,0.3705825301569982,1.098110376425173
best,ruler_niah_multikey_3_16k,16,L6,L12,0.15422947655652064,0.00963934228478254,0.0,
best,ruler_niah_multikey_3_16k,16,L6,L18,0.17079867733624773,0.010674917333515483,0.15384615384615388,1.1101914026856101
best,ruler_niah_multikey_3_16k,16,L6,L24,0.15051780394382186,0.009407362746488866,0.018518518518518517,8.12796141296638
best,ruler_niah_multikey_3_16k,16,L6,ALL,0.5646819545528575,0.035292622159553595,1.7535612535612535,0.3220200910610122
best,ruler_niah_multikey_3_16k,16,L12,OFF,0.22564009604724605,0.014102506002952878,0.008474576271186446,26.62553133357502
best,ruler_niah_multikey_3_16k,16,L12,L0,0.5289136040501475,0.03305710025313422,0.30923555863023183,1.7103906368109352
best,ruler_niah_multikey_3_16k,16,L12,L6,0.14497021729726137,0.009060638581078835,0.0,
best,ruler_niah_multikey_3_16k,16,L12,L18,0.17961964660077873,0.01122622791254867,0.028882739536492574,6.218926926022169
best,ruler_niah_multikey_3_16k,16,L12,L24,0.2229919662888879,0.013936997893055494,0.27735731580767903,0.8039880456714243
best,ruler_niah_multikey_3_16k,16,L12,ALL,0.714141245966386,0.04463382787289912,0.24000000000000002,2.9755885248599414
best,ruler_niah_multikey_3_16k,16,L18,OFF,0.15184186882300094,0.009490116801437559,0.008474576271186446,17.9173405211141
best,ruler_niah_multikey_3_16k,16,L18,L0,0.38629353822584545,0.02414334613911534,0.35083681451720206,1.1010632927945048
best,ruler_niah_multikey_3_16k,16,L18,L6,0.14399555842786566,0.008999722401741603,0.15384615384615388,0.9359711297811265
best,ruler_niah_multikey_3_16k,16,L18,L12,0.1975129122596849,0.012344557016230306,0.028882739536492574,6.83844106997304
best,ruler_niah_multikey_3_16k,16,L18,L24,0.17070979335130282,0.010669362084456426,0.527153234175026,0.3238333415870186
best,ruler_niah_multikey_3_16k,16,L18,ALL,0.37492362564979254,0.023432726603112033,0.6538461538461539,0.5734126039349768
best,ruler_niah_multikey_3_16k,16,L24,OFF,0.1303258145363409,0.008145363408521306,0.036949152542372896,3.5271665402037202
best,ruler_niah_multikey_3_16k,16,L24,L0,0.4458561175666439,0.027866007347915243,1.2624771641236532,0.3531597483397922
best,ruler_niah_multikey_3_16k,16,L24,L6,0.12204121414647737,0.0076275758841548354,0.018518518518518517,6.590225563909778
best,ruler_niah_multikey_3_16k,16,L24,L12,0.1611900120672051,0.010074375754200319,0.27735731580767903,0.5811637295299436
best,ruler_niah_multikey_3_16k,16,L24,L18,0.11410601976639718,0.007131626235399824,0.527153234175026,0.21645702306079673
best,ruler_niah_multikey_3_16k,16,L24,ALL,0.30376555927491056,0.01898534745468191,0.020000000000000004,15.188277963745525
best,ruler_niah_multikey_3_16k,16,ALL,OFF,1.0854254217192816,0.0678390888574551,0.018518518518518517,58.61297277284121
best,ruler_niah_multikey_3_16k,16,ALL,L0,0.7093868931588223,0.044336680822426394,0.5128205128205128,1.3833044416597036
best,ruler_niah_multikey_3_16k,16,ALL,L6,0.49973881522623664,0.03123367595163979,1.7535612535612535,0.2849850920299091
best,ruler_niah_multikey_3_16k,16,ALL,L12,0.5310475789642449,0.03319047368526531,0.24000000000000002,2.212698245684354
best,ruler_niah_multikey_3_16k,16,ALL,L18,1.850022045855379,0.1156263778659612,0.6538461538461539,2.829445481896462
best,ruler_niah_multikey_3_16k,16,ALL,L24,0.9491873096039749,0.05932420685024843,0.020000000000000004,47.459365480198734
best,ruler_niah_multiquery_16k,12,OFF,L0,0.19693301049233256,0.01641108420769438,0.0,
best,ruler_niah_multiquery_16k,12,OFF,L6,0.17195767195767195,0.014329805996472662,0.0,
best,ruler_niah_multiquery_16k,12,OFF,L12,0.24772588946665078,0.020643824122220898,0.0,
best,ruler_niah_multiquery_16k,12,OFF,L18,0.2979113833795691,0.02482594861496409,0.0,
best,ruler_niah_multiquery_16k,12,OFF,L24,0.05714285714285717,0.004761904761904764,0.0,
best,ruler_niah_multiquery_16k,12,OFF,ALL,0.7673106947697105,0.06394255789747587,0.5,1.534621389539421
best,ruler_niah_multiquery_16k,12,L0,OFF,0.22165842657645934,0.01847153554803828,0.0,
best,ruler_niah_multiquery_16k,12,L0,L6,0.17382804747350453,0.014485670622792044,0.5,0.34765609494700905
best,ruler_niah_multiquery_16k,12,L0,L12,0.2132367750595036,0.017769731254958634,0.08771929824561406,2.4308992356783405
best,ruler_niah_multiquery_16k,12,L0,L18,0.8110850897736133,0.0675904241478011,1.2368421052631582,0.655770923646751
best,ruler_niah_multiquery_16k,12,L0,L24,0.23039725908578365,0.01919977159048197,1.0614035087719298,0.21706849203123418
best,ruler_niah_multiquery_16k,12,L0,ALL,0.5080601092896175,0.04233834244080146,0.0,
best,ruler_niah_multiquery_16k,12,L6,OFF,0.04020296643247462,0.0033502472027062183,0.0,
best,ruler_niah_multiquery_16k,12,L6,L0,0.5195341225002243,0.04329451020835203,0.5,1.0390682450004487
best,ruler_niah_multiquery_16k,12,L6,L12,0.2735455615977984,0.0227954634664832,0.0,
best,ruler_niah_multiquery_16k,12,L6,L18,0.25051234102359415,0.020876028418632845,0.0,
best,ruler_niah_multiquery_16k,12,L6,L24,0.08600603342198232,0.00716716945183186,0.5,0.17201206684396464
best,ruler_niah_multiquery_16k,12,L6,ALL,0.6017467741627227,0.050145564513560226,1.0,0.6017467741627227
best,ruler_niah_multiquery_16k,12,L12,OFF,0.19077720001587742,0.015898100001323117,0.0,
best,ruler_niah_multiquery_16k,12,L12,L0,0.6693301049233242,0.05577750874361035,0.08771929824561406,7.630363196125894
best,ruler_niah_multiquery_16k,12,L12,L6,0.3485548234297888,0.029046235285815732,0.0,
best,ruler_niah_multiquery_16k,12,L12,L18,0.05715211897484751,0.004762676581237292,0.026315789473684223,2.1717805210442043
best,ruler_niah_multiquery_16k,12,L12,L24,0.2574346048505538,0.02145288373754615,0.5087719298245614,0.5059921543614333
best,ruler_niah_multiquery_16k,12,L12,ALL,0.5607142857142848,0.0467261904761904,0.0,
best,ruler_niah_multiquery_16k,12,L18,OFF,0.39999999999999997,0.03333333333333333,0.0,
best,ruler_niah_multiquery_16k,12,L18,L0,0.8689066701361776,0.0724088891780148,1.2368421052631582,0.7025202864930796
best,ruler_niah_multiquery_16k,12,L18,L6,0.0941798941798942,0.007848324514991184,0.0,
best,ruler_niah_multiquery_16k,12,L18,L12,0.07779571338893372,0.006482976115744477,0.026315789473684223,2.95623710877948
best,ruler_niah_multiquery_16k,12,L18,L24,0.17779571338893374,0.014816309449077811,0.07894736842105264,2.2520790362598273
best,ruler_niah_multiquery_16k,12,L18,ALL,0.3110850897736145,0.02592375748113454,0.5,0.622170179547229
best,ruler_niah_multiquery_16k,12,L24,OFF,0.0577078288942696,0.0048089857411891335,0.0,
best,ruler_niah_multiquery_16k,12,L24,L0,0.273405972558515,0.022783831046542916,1.0614035087719298,0.2575890981129811
best,ruler_niah_multiquery_16k,12,L24,L6,0.20623545488091194,0.01718628790674266,0.5,0.4124709097618239
best,ruler_niah_multiquery_16k,12,L24,L12,0.3083518569973141,0.02569598808310951,0.5087719298245614,0.6060708913395484
best,ruler_niah_multiquery_16k,12,L24,L18,0.15771709072625995,0.013143090893854995,0.07894736842105264,1.997749815865959
best,ruler_niah_multiquery_16k,12,L24,ALL,0.23361640726186433,0.019468033938488696,0.0,
best,ruler_niah_multiquery_16k,12,ALL,OFF,0.10239947604493314,0.008533289670411096,0.5,0.2047989520898663
best,ruler_niah_multiquery_16k,12,ALL,L0,0.1444716418875908,0.012039303490632565,0.0,
best,ruler_niah_multiquery_16k,12,ALL,L6,0.15660567088741584,0.01305047257395132,1.0,0.15660567088741584
best,ruler_niah_multiquery_16k,12,ALL,L12,0.19761037383988203,0.016467531153323504,0.0,
best,ruler_niah_multiquery_16k,12,ALL,L18,0.23915402720626394,0.019929502267188662,0.5,0.4783080544125279
best,ruler_niah_multiquery_16k,12,ALL,L24,0.24020296643247463,0.020016913869372887,0.0,
best,ruler_niah_multivalue_16k,8,OFF,L0,0.05386992555134148,0.006733740693917685,0.0,
best,ruler_niah_multivalue_16k,8,OFF,L6,0.10444699248979965,0.013055874061224956,0.0,
best,ruler_niah_multivalue_16k,8,OFF,L12,0.03653015023667421,0.0045662687795842765,0.0,
best,ruler_niah_multivalue_16k,8,OFF,L18,0.07676639977524932,0.009595799971906165,0.0,
best,ruler_niah_multivalue_16k,8,OFF,L24,0.03357213091726366,0.0041965163646579574,0.5,0.06714426183452732
best,ruler_niah_multivalue_16k,8,OFF,ALL,0.22922926528092202,0.028653658160115253,0.0,
best,ruler_niah_multivalue_16k,8,L0,OFF,0.06012080348363534,0.007515100435454418,0.0,
best,ruler_niah_multivalue_16k,8,L0,L6,0.07156904059558927,0.008946130074448659,0.018518518518518517,3.864728192161821
best,ruler_niah_multivalue_16k,8,L0,L12,0.5998044865198601,0.07497556081498251,0.24074074074074073,2.491495559390188
best,ruler_niah_multivalue_16k,8,L0,L18,0.38902935805590677,0.048628669756988346,0.15789473684210528,2.4638526010207427
best,ruler_niah_multivalue_16k,8,L0,L24,0.1195474279442174,0.014943428493027175,0.8157894736842106,0.14654200844775034
best,ruler_niah_multivalue_16k,8,L0,ALL,0.045020368029217585,0.005627546003652198,0.0,
best,ruler_niah_multivalue_16k,8,L6,OFF,0.0874665569047129,0.010933319613089113,0.0,
best,ruler_niah_multivalue_16k,8,L6,L0,0.2088576426660394,0.026107205333254925,0.018518518518518517,11.278312703966128
best,ruler_niah_multivalue_16k,8,L6,L12,0.5958959319475887,0.07448699149344859,0.9814814814814814,0.6071392514182979
best,ruler_niah_multivalue_16k,8,L6,L18,0.18006963023941824,0.02250870377992728,0.5,0.3601392604788365
best,ruler_niah_multivalue_16k,8,L6,L24,0.10776435153879073,0.013470543942348841,0.0,
best,ruler_niah_multivalue_16k,8,L6,ALL,0.1653181626632954,0.020664770332911926,0.018518518518518517,8.927180783817953
best,ruler_niah_multivalue_16k,8,L12,OFF,0.1676604860233179,0.020957560752914738,0.0,
best,ruler_niah_multivalue_16k,8,L12,L0,0.09242168843938756,0.011552711054923444,0.24074074074074073,0.38390547505591754
best,ruler_niah_multivalue_16k,8,L12,L6,0.6245270599149999,0.07806588248937499,0.9814814814814814,0.6363105893473584
best,ruler_niah_multivalue_16k,8,L12,L18,0.15959045071002265,0.01994880633875283,0.0,
best,ruler_niah_multivalue_16k,8,L12,L24,0.06454558224469728,0.00806819778058716,0.0,
best,ruler_niah_multivalue_16k,8,L12,ALL,0.23855984803196162,0.029819981003995202,0.24074074074074073,0.9909409072096867
best,ruler_niah_multivalue_16k,8,L18,OFF,0.12212389380530973,0.015265486725663717,0.0,
best,ruler_niah_multivalue_16k,8,L18,L0,0.3082947043124034,0.038536838039050426,0.15789473684210528,1.952533127311888
best,ruler_niah_multivalue_16k,8,L18,L6,0.04355360858756619,0.005444201073445774,0.5,0.08710721717513238
best,ruler_niah_multivalue_16k,8,L18,L12,0.06327433628318585,0.007909292035398231,0.0,
best,ruler_niah_multivalue_16k,8,L18,L24,0.13561595729737325,0.016951994662171656,0.02631578947368421,5.1534063773001835
best,ruler_niah_multivalue_16k,8,L18,ALL,0.15645447655634936,0.01955680956954367,0.5,0.31290895311269873
best,ruler_niah_multivalue_16k,8,L24,OFF,0.01327433628318584,0.00165929203539823,0.5,0.02654867256637168
best,ruler_niah_multivalue_16k,8,L24,L0,0.07859249894648124,0.009824062368310155,0.8157894736842106,0.09633919225697699
best,ruler_niah_multivalue_16k,8,L24,L6,0.20574273888741884,0.025717842360927355,0.0,
best,ruler_niah_multivalue_16k,8,L24,L12,0.09537970775879812,0.011922463469849764,0.0,
best,ruler_niah_multivalue_16k,8,L24,L18,0.01327433628318584,0.00165929203539823,0.02631578947368421,0.504424778761062
best,ruler_niah_multivalue_16k,8,L24,ALL,0.2945860569651473,0.03682325712064341,0.0,
best,ruler_niah_multivalue_16k,8,ALL,OFF,0.4413892400618064,0.0551736550077258,0.0,
best,ruler_niah_multivalue_16k,8,ALL,L0,0.14972257339513978,0.018715321674392472,0.0,
best,ruler_niah_multivalue_16k,8,ALL,L6,0.25377388384179905,0.03172173548022488,0.018518518518518517,13.70378972745715
best,ruler_niah_multivalue_16k,8,ALL,L12,0.34323755296177605,0.042904694120222006,0.24074074074074073,1.4257559892258391
best,ruler_niah_multivalue_16k,8,ALL,L18,0.1095835089197921,0.013697938614974012,0.5,0.2191670178395842
best,ruler_niah_multivalue_16k,8,ALL,L24,0.6599428486493726,0.08249285608117157,0.0,
best,ruler_qa_hotpotqa_16k,14,OFF,L0,0.668420081210779,0.047744291515055645,0.0,
best,ruler_qa_hotpotqa_16k,14,OFF,L6,0.04761904761904762,0.0034013605442176874,0.5175438596491229,0.09200968523002422
best,ruler_qa_hotpotqa_16k,14,OFF,L12,0.3248431155407899,0.02320307968148499,0.0,
best,ruler_qa_hotpotqa_16k,14,OFF,L18,0.13095238095238088,0.009353741496598634,0.09017543859649124,1.45219566425792
best,ruler_qa_hotpotqa_16k,14,OFF,L24,0.04761904761904762,0.0034013605442176874,0.24000000000000002,0.1984126984126984
best,ruler_qa_hotpotqa_16k,14,OFF,ALL,0.519610557401255,0.037115039814375354,0.14035087719298248,3.702225221483941
best,ruler_qa_hotpotqa_16k,14,L0,OFF,0.1774640088593576,0.012676000632811256,0.0,
best,ruler_qa_hotpotqa_16k,14,L0,L6,0.2738617376775271,0.019561552691251934,0.0,
best,ruler_qa_hotpotqa_16k,14,L0,L12,0.1774640088593576,0.012676000632811256,0.5,0.3549280177187152
best,ruler_qa_hotpotqa_16k,14,L0,L18,0.8996862310815799,0.06426330222011285,0.5217391304347826,1.7243986095730282
best,ruler_qa_hotpotqa_16k,14,L0,L24,0.44413067552602425,0.031723619680430304,0.2391304347826087,1.8572737340179195
best,ruler_qa_hotpotqa_16k,14,L0,ALL,0.21538220551378437,0.015384443250984597,0.0,
best,ruler_qa_hotpotqa_16k,14,L6,OFF,0.3279128052689863,0.02342234323349902,0.5175438596491229,0.6335942339095667
best,ruler_qa_hotpotqa_16k,14,L6,L0,0.492063492063492,0.03514739229024943,0.0,
best,ruler_qa_hotpotqa_16k,14,L6,L12,0.3669172932330826,0.026208378088077328,0.5,0.7338345864661652
best,ruler_qa_hotpotqa_16k,14,L6,L18,0.3208748615725359,0.022919632969466853,0.5701754385964912,0.5627651418349091
best,ruler_qa_hotpotqa_16k,14,L6,L24,0.25202541236812953,0.01800181516915211,0.0,
best,ruler_qa_hotpotqa_16k,14,L6,ALL,0.27468623108157986,0.019620445077255706,0.14035087719298248,1.9571393964562562
best,ruler_qa_hotpotqa_16k,14,L12,OFF,0.04761904761904762,0.0034013605442176874,0.0,
best,ruler_qa_hotpotqa_16k,14,L12,L0,0.6378968253968254,0.0455640589569161,0.5,1.2757936507936507
best,ruler_qa_hotpotqa_16k,14,L12,L6,0.4864341085271317,0.034745293466223695,0.5,0.9728682170542634
best,ruler_qa_hotpotqa_16k,14,L12,L18,0.07539682539682535,0.005385487528344668,0.0,
best,ruler_qa_hotpotqa_16k,14,L12,L24,0.07539682539682535,0.005385487528344668,0.24000000000000002,0.31415343915343896
best,ruler_qa_hotpotqa_16k,14,L12,ALL,0.765642303433001,0.05468873595950007,0.24000000000000002,3.1901762643041707
best,ruler_qa_hotpotqa_16k,14,L18,OFF,0.17539682539682533,0.01252834467120181,0.09017543859649124,1.9450620715212144
best,ruler_qa_hotpotqa_16k,14,L18,L0,0.6219084533038022,0.04442203237884301,0.5217391304347826,1.191991202165621
best,ruler_qa_hotpotqa_16k,14,L18,L6,0.2736832391055156,0.019548802793251115,0.5701754385964912,0.47999829627736584
best,ruler_qa_hotpotqa_16k,14,L18,L12,0.04761904761904762,0.0034013605442176874,0.0,
best,ruler_qa_hotpotqa_16k,14,L18,L24,0.3587301587301586,0.0256235827664399,1.4791304347826086,0.24252773811856698
best,ruler_qa_hotpotqa_16k,14,L18,ALL,0.2514304171280915,0.017959315509149393,0.5614035087719299,0.44786043050941293
best,ruler_qa_hotpotqa_16k,14,L24,OFF,0.3809523809523808,0.02721088435374149,0.24000000000000002,1.5873015873015865
best,ruler_qa_hotpotqa_16k,14,L24,L0,0.07539682539682535,0.005385487528344668,0.2391304347826087,0.3152958152958151
best,ruler_qa_hotpotqa_16k,14,L24,L6,0.07087486157253596,0.0050624901123239975,0.0,
best,ruler_qa_hotpotqa_16k,14,L24,L12,0.2976190476190475,0.021258503401360537,0.24000000000000002,1.2400793650793644
best,ruler_qa_hotpotqa_16k,14,L24,L18,0.4865079365079365,0.03475056689342403,1.4791304347826086,0.32891483067849914
best,ruler_qa_hotpotqa_16k,14,L24,ALL,0.5730989294942782,0.040935637821019874,1.02,0.5618616955826257
best,ruler_qa_hotpotqa_16k,14,ALL,OFF,0.4677524722659361,0.03341089087613829,0.14035087719298248,3.332736364894794
best,ruler_qa_hotpotqa_16k,14,ALL,L0,0.10025062656641595,0.007160759040458283,0.0,
best,ruler_qa_hotpotqa_16k,14,ALL,L6,0.2639933166248955,0.018856665473206823,0.14035087719298248,1.8809523809523803
best,ruler_qa_hotpotqa_16k,14,ALL,L12,0.8490079365079364,0.06064342403628117,0.24000000000000002,3.537533068783068
best,ruler_qa_hotpotqa_16k,14,ALL,L18,0.21136173767752706,0.015097266976966218,0.5614035087719299,0.376488095238095
best,ruler_qa_hotpotqa_16k,14,ALL,L24,0.4444966583124477,0.03174976130803198,1.02,0.4357810375612233
best,ruler_qa_squad_16k,17,OFF,L0,0.1665001665001664,0.009794127441186259,0.5,0.3330003330003328
best,ruler_qa_squad_16k,17,OFF,L6,0.4370129870129869,0.025706646294881584,0.5,0.8740259740259738
best,ruler_qa_squad_16k,17,OFF,L12,0.0836796536796536,0.004922332569391389,0.0,
best,ruler_qa_squad_16k,17,OFF,L18,0.06095238095238095,0.003585434173669468,0.0,
best,ruler_qa_squad_16k,17,OFF,L24,0.047619047619047616,0.0028011204481792717,0.2391304347826087,0.1991341991341991
best,ruler_qa_squad_16k,17,OFF,ALL,0.9894920284393967,0.05820541343761157,0.7391304347826086,1.3387245090650661
best,ruler_qa_squad_16k,17,L0,OFF,0.18442557442557433,0.010848563201504373,0.5,0.36885114885114867
best,ruler_qa_squad_16k,17,L0,L6,0.4278030741188634,0.02516488671287432,0.3103448275862069,1.3784765721607821
best,ruler_qa_squad_16k,17,L0,L12,0.1889710289710289,0.011115942880648759,0.842857142857143,0.22420291572833936
best,ruler_qa_squad_16k,17,L0,L18,0.2753346653346652,0.016196156784392072,0.42451765188834156,0.6485823713334892
best,ruler_qa_squad_16k,17,L0,L24,0.44078921078921074,0.02592877710524769,0.5505952380952381,0.8005685125685125
best,ruler_qa_squad_16k,17,L0,ALL,0.25076590076590066,0.014750935339170627,0.5666666666666667,0.4425280601751188
best,ruler_qa_squad_16k,17,L6,OFF,0.2570129870129869,0.015118411000763936,0.5,0.5140259740259738
best,ruler_qa_squad_16k,17,L6,L0,2.671200466200466,0.15712943918826272,0.3103448275862069,8.607201502201502
best,ruler_qa_squad_16k,17,L6,L12,0.3255420018577912,0.01914952952104654,0.2391304347826087,1.3613574623143996
best,ruler_qa_squad_16k,17,L6,L18,0.329134199134199,0.019360835243188178,0.034482758620689655,9.544891774891772
best,ruler_qa_squad_16k,17,L6,L24,0.31246753246753234,0.018380443086325433,0.0,
best,ruler_qa_squad_16k,17,L6,ALL,1.0458541458541457,0.06152083210906739,0.7391304347826086,1.4149791385085502
best,ruler_qa_squad_16k,17,L12,OFF,0.09761904761904755,0.005742296918767503,0.0,
best,ruler_qa_squad_16k,17,L12,L0,0.28256077256077244,0.016621221915339556,0.842857142857143,0.3352415945636283
best,ruler_qa_squad_16k,17,L12,L6,0.14701298701298693,0.008647822765469819,0.2391304347826087,0.614781582054309
best,ruler_qa_squad_16k,17,L12,L18,0.43095238095238075,0.0253501400560224,0.5238095238095238,0.8227272727272723
best,ruler_qa_squad_16k,17,L12,L24,0.11358395989974937,0.00668140940586761,0.23809523809523808,0.4770526315789474
best,ruler_qa_squad_16k,17,L12,ALL,0.22288711288711283,0.013111006640418402,1.374120082815735,0.16220351894602306
best,ruler_qa_squad_16k,17,L18,OFF,0.047619047619047616,0.0028011204481792717,0.0,
best,ruler_qa_squad_16k,17,L18,L0,0.20384037015615955,0.011990610009185856,0.42451765188834156,0.48016936221482376
best,ruler_qa_squad_16k,17,L18,L6,0.37957708957708947,0.022328064092769967,0.034482758620689655,11.007735597735595
best,ruler_qa_squad_16k,17,L18,L12,0.8276190476190475,0.04868347338935573,0.5238095238095238,1.5799999999999996
best,ruler_qa_squad_16k,17,L18,L24,0.07428571428571426,0.004369747899159663,0.15625,0.47542857142857126
best,ruler_qa_squad_16k,17,L18,ALL,0.486725905673274,0.028630935627839648,0.5,0.973451811346548
best,ruler_qa_squad_16k,17,L24,OFF,0.047619047619047616,0.0028011204481792717,0.2391304347826087,0.1991341991341991
best,ruler_qa_squad_16k,17,L24,L0,0.2106027306027305,0.012388395917807675,0.5505952380952381,0.38250009450009426
best,ruler_qa_squad_16k,17,L24,L6,0.28534632034632024,0.016785077667430603,0.0,
best,ruler_qa_squad_16k,17,L24,L12,0.11358395989974937,0.00668140940586761,0.23809523809523808,0.4770526315789474
best,ruler_qa_squad_16k,17,L24,L18,0.06095238095238095,0.003585434173669468,0.15625,0.3900952380952381
best,ruler_qa_squad_16k,17,L24,ALL,0.9443458296089873,0.055549754682881605,0.02173913043478261,43.43990816201341
best,ruler_qa_squad_16k,17,ALL,OFF,0.6760859024016914,0.03976975896480538,0.7391304347826086,0.9147044561905238
best,ruler_qa_squad_16k,17,ALL,L0,0.3260339660339659,0.019178468590233286,0.5666666666666667,0.5753540577069987
best,ruler_qa_squad_16k,17,ALL,L6,0.589100899100899,0.03465299406475877,0.7391304347826086,0.7970188634894517
best,ruler_qa_squad_16k,17,ALL,L12,0.6233586296744189,0.03666815468673052,1.374120082815735,0.4536420342515359
best,ruler_qa_squad_16k,17,ALL,L18,0.5412374175532066,0.031837495150188626,0.5,1.0824748351064133
best,ruler_qa_squad_16k,17,ALL,L24,0.7728924292082182,0.0454642605416599,0.02173913043478261,35.55305174357803
best,ruler_vt_16k,77,OFF,L0,1.8597043039467847,0.02415200394736084,1.188319335735749,1.5649869929915319
best,ruler_vt_16k,77,OFF,L6,1.7504007631736294,0.02273247744381337,3.1620301936875284,0.5535686429142946
best,ruler_vt_16k,77,OFF,L12,1.7496373255737683,0.022722562669789198,1.3528265107212478,1.2933198098261427
best,ruler_vt_16k,77,OFF,L18,0.6693883471449389,0.00869335515772648,1.2316737841277916,0.5434786026715389
best,ruler_vt_16k,77,OFF,L24,0.3518785510466641,0.004569851312294339,0.15934038392685018,2.208345068430387
best,ruler_vt_16k,77,OFF,ALL,1.9568877625504457,0.025414126786369427,1.4176923076923078,1.3803332020160495
best,ruler_vt_16k,77,L0,OFF,1.910512095464637,0.024811845395644638,1.188319335735749,1.60774300140605
best,ruler_vt_16k,77,L0,L6,2.218477397222667,0.02881139476912554,0.6668788264532944,3.3266574214409252
best,ruler_vt_16k,77,L0,L12,3.385354056120356,0.04396563709247216,3.740740740740741,0.9049956387648476
best,ruler_vt_16k,77,L0,L18,3.0455345608827717,0.039552396894581454,3.4906083565498065,0.8724939179063459
best,ruler_vt_16k,77,L0,L24,2.765802616081524,0.03591951449456524,3.8539602975693206,0.7176520780003639
best,ruler_vt_16k,77,L0,ALL,3.1845197998152193,0.04135739999760025,2.318164706182623,1.3737245637991116
best,ruler_vt_16k,77,L6,OFF,1.99564918059386,0.025917521825894286,3.1620301936875284,0.6311290716255159
best,ruler_vt_16k,77,L6,L0,3.4854847113613645,0.045266035212485255,0.6668788264532944,5.226563767061623
best,ruler_vt_16k,77,L6,L12,1.2282547481893957,0.015951360366096047,2.3193882141250564,0.5295597954276623
best,ruler_vt_16k,77,L6,L18,1.5500881749507178,0.020131015259100233,1.7051439336657703,0.9090658825605948
best,ruler_vt_16k,77,L6,L24,0.9553903050227806,0.01240766629899715,0.1678947368421053,5.690412475057313
best,ruler_vt_16k,77,L6,ALL,2.244539936233585,0.029149869301734868,1.627408906882591,1.3792107974468133
best,ruler_vt_16k,77,L12,OFF,0.5283627444389941,0.00686185382388304,1.3528265107212478,0.3905620863072103
best,ruler_vt_16k,77,L12,L0,1.4834393657841116,0.019265446308884566,3.740740740740741,0.3965629987739704
best,ruler_vt_16k,77,L12,L6,1.5297786547537777,0.01986725525654257,2.3193882141250564,0.659561278029024
best,ruler_vt_16k,77,L12,L18,1.4391432376464615,0.018690171917486512,1.3076923076923077,1.1005212993767057
best,ruler_vt_16k,77,L12,L24,1.3556210552770767,0.017605468250351645,0.0,
best,ruler_vt_16k,77,L12,ALL,2.0320560970118438,0.026390338922231738,2.097165991902834,0.9689533898878868
best,ruler_vt_16k,77,L18,OFF,1.0798511155843538,0.014024040462134464,1.2316737841277916,0.8767346756097834
best,ruler_vt_16k,77,L18,L0,2.320937108327218,0.03014204036788595,3.4906083565498065,0.6649090563174159
best,ruler_vt_16k,77,L18,L6,1.093941371194601,0.014207030794735079,1.7051439336657703,0.6415536832968772
best,ruler_vt_16k,77,L18,L12,1.1145881063831922,0.014475170212768729,1.3076923076923077,0.8523320813518528
best,ruler_vt_16k,77,L18,L24,0.9680599024342342,0.012572206525119926,2.310285206300244,0.4190218159187855
best,ruler_vt_16k,77,L18,ALL,1.7532375330128447,0.022769318610556425,1.1876000740166475,1.4762861432663301
best,ruler_vt_16k,77,L24,OFF,0.37931559142553994,0.004926176512019999,0.15934038392685018,2.3805364470546007
best,ruler_vt_16k,77,L24,L0,2.073304238323679,0.026926029069138685,3.8539602975693206,0.5379672021092964
best,ruler_vt_16k,77,L24,L6,1.3368647061295564,0.01736187930038385,0.1678947368421053,7.962517058451902
best,ruler_vt_16k,77,L24,L12,0.7189901632919282,0.00933753458820686,0.0,
best,ruler_vt_16k,77,L24,L18,0.7321954972714761,0.009509032432097093,2.310285206300244,0.3169286178497566
best,ruler_vt_16k,77,L24,ALL,2.1055809787823847,0.027345207516654348,3.1951851851851854,0.658985585106345
best,ruler_vt_16k,77,ALL,OFF,2.9073162202896854,0.03775735351025566,1.4176923076923078,2.0507385167534404
best,ruler_vt_16k,77,ALL,L0,3.3849692629550536,0.04396063977863706,2.318164706182623,1.4601935979472154
best,ruler_vt_16k,77,ALL,L6,2.5746898894766317,0.03343753103216405,1.627408906882591,1.5820792663649728
best,ruler_vt_16k,77,ALL,L12,2.7215066293383843,0.035344241939459536,2.097165991902834,1.2977068290474534
best,ruler_vt_16k,77,ALL,L18,3.1596600283571097,0.04103454582281961,1.1876000740166475,2.6605421281851642
best,ruler_vt_16k,77,ALL,L24,1.8990858671347637,0.024663452819931996,3.1951851851851854,0.5943586230745174
match,ALL_TASKS,154,OFF,L0,3.7487698319237523,0.024342661246258133,1.9683296920100792,1.9045436580776611
match,ALL_TASKS,154,OFF,L6,2.4479662798238215,0.01589588493392092,4.588256812243374,0.5335286101012549
match,ALL_TASKS,154,OFF,L12,2.5842895093717835,0.016781100710206387,1.3798196055109528,1.8729183866138868
match,ALL_TASKS,154,OFF,L18,1.496329100318846,0.009716422729343156,1.849329646948686,0.8091197276741463
match,ALL_TASKS,154,OFF,L24,0.2756157433328017,0.0017897126190441668,1.1471532341750261,0.24026061656096923
match,ALL_TASKS,154,OFF,ALL,5.018506998483678,0.032587707782361544,2.3710586294796823,2.1165680747358686
match,ALL_TASKS,154,L0,OFF,3.150404919905757,0.020457174804582836,1.9683296920100792,1.600547374097949
match,ALL_TASKS,154,L0,L6,4.198967308269079,0.02726602148226675,1.6451026623440417,2.5524044209412056
match,ALL_TASKS,154,L0,L12,5.47026141648841,0.03552117802914552,6.409909098401514,0.8534070191186593
match,ALL_TASKS,154,L0,L18,6.509941471661697,0.042272347218582446,5.780212714319902,1.1262460039807818
match,ALL_TASKS,154,L0,L24,4.537790956490075,0.029466175042143345,8.361870947727963,0.5426765116152691
match,ALL_TASKS,154,L0,ALL,5.441788855658243,0.03533629127050807,3.624897349757372,1.5012256432647622
match,ALL_TASKS,154,L6,OFF,2.8242804562969748,0.018339483482447887,4.588256812243374,0.6155454177631517
match,ALL_TASKS,154,L6,L0,9.229568442032809,0.05993226261060266,1.6451026623440417,5.610329770472782
match,ALL_TASKS,154,L6,L12,3.2772069611700485,0.021280564682922394,5.521481611870628,0.5935376030456001
match,ALL_TASKS,154,L6,L18,5.191812710903614,0.03371306955132217,3.8514125672302297,1.3480281897291888
match,ALL_TASKS,154,L6,L24,1.606368210580064,0.010430962406364052,0.6951851851851852,2.310705470733177
match,ALL_TASKS,154,L6,ALL,5.303295184878501,0.03443698171999027,5.495831589378501,0.9649668296109902
match,ALL_TASKS,154,L12,OFF,1.1657429547296334,0.007569759446296321,1.3798196055109528,0.8448517111031728
match,ALL_TASKS,154,L12,L0,4.018317219300861,0.026092968956499096,6.409909098401514,0.6268914515968624
match,ALL_TASKS,154,L12,L6,3.6660106220310498,0.023805263779422402,5.521481611870628,0.6639541484933134
match,ALL_TASKS,154,L12,L18,2.338080252551212,0.015182339302280598,1.9531867841412889,1.1970592221568508
match,ALL_TASKS,154,L12,L24,2.2303655996511638,0.014482893504228336,1.7438163204621724,1.279014064428551
match,ALL_TASKS,154,L12,ALL,4.411448418651807,0.028645768952284458,4.692026815459311,0.9402010244521507
match,ALL_TASKS,154,L18,OFF,1.7125884917554588,0.011120704491918564,1.849329646948686,0.9260590693396149
match,ALL_TASKS,154,L18,L0,5.097014066899361,0.03309749394090494,5.780212714319902,0.8818038917965798
match,ALL_TASKS,154,L18,L6,2.0766258711248686,0.013484583578732914,3.8514125672302297,0.5391855156712771
match,ALL_TASKS,154,L18,L12,2.2540843908105987,0.014636911628640252,1.9531867841412889,1.1540547013283209
match,ALL_TASKS,154,L18,L24,1.828183668641741,0.011871322523647669,5.0664096474915885,0.36084402877822686
match,ALL_TASKS,154,L18,ALL,3.408295501788522,0.022131788972652743,3.9920310231844383,0.8537748033505334
match,ALL_TASKS,154,L24,OFF,0.5991094345132224,0.0038903210033326132,1.1471532341750261,0.5222575473485643
match,ALL_TASKS,154,L24,L0,3.1018660059140823,0.020141987051390146,8.361870947727963,0.3709535850654216
match,ALL_TASKS,154,L24,L6,1.9353374597747437,0.01256712636217366,0.6951851851851852,2.7839164312156672
match,ALL_TASKS,154,L24,L12,1.5677349919899253,0.01018009735058393,1.7438163204621724,0.8990253007693039
match,ALL_TASKS,154,L24,L18,1.3372860545255678,0.008683675678737453,5.0664096474915885,0.26395142666516647
match,ALL_TASKS,154,L24,ALL,5.896523273384461,0.03828911216483416,4.862678062678062,1.212608196014733
match,ALL_TASKS,154,ALL,OFF,6.0740152730511,0.03944165761721494,2.3710586294796823,2.5617313707607536
match,ALL_TASKS,154,ALL,L0,4.96833931060259,0.0322619435753415,3.624897349757372,1.370615173677991
match,ALL_TASKS,154,ALL,L6,4.785075825616644,0.031071920945562624,5.495831589378501,0.8706736638117704
match,ALL_TASKS,154,ALL,L12,5.632787243349001,0.036576540541227276,4.692026815459311,1.200501929100249
match,ALL_TASKS,154,ALL,L18,6.200994492896519,0.04026619800582155,3.9920310231844383,1.5533432623351693
match,ALL_TASKS,154,ALL,L24,5.381009218855931,0.03494161830425929,4.862678062678062,1.1065937636620766
match,ruler_fwe_16k,20,OFF,L0,0.5385185185185184,0.02692592592592592,0.0,
match,ruler_fwe_16k,20,OFF,L6,0.17111111111111107,0.008555555555555554,0.5843079922027291,0.2928440366972476
match,ruler_fwe_16k,20,OFF,L12,0.2729761904761905,0.013648809523809525,0.018518518518518517,14.740714285714287
match,ruler_fwe_16k,20,OFF,L18,0.4774743230625583,0.023873716153127916,0.554093567251462,0.8617214695904747
match,ruler_fwe_16k,20,OFF,L24,0,0.0,0.25,0.0
match,ruler_fwe_16k,20,OFF,ALL,0.4765079365079365,0.023825396825396826,0.037037037037037035,12.865714285714287
match,ruler_fwe_16k,20,L0,OFF,0.3255555555555556,0.01627777777777778,0.0,
match,ruler_fwe_16k,20,L0,L6,0.393977873977874,0.0196988936988937,0.044159544159544165,8.921692501047339
match,ruler_fwe_16k,20,L0,L12,0.22528817587641115,0.011264408793820558,0.913105413105413,0.24672745626402595
match,ruler_fwe_16k,20,L0,L18,0.6982106782106783,0.03491053391053391,0.7891737891737892,0.8847362745557692
match,ruler_fwe_16k,20,L0,L24,0.3011487423252129,0.015057437116260643,0.6723646723646725,0.4478949515091089
match,ruler_fwe_16k,20,L0,ALL,1.2832275132275133,0.06416137566137567,0.17948717948717957,7.149410430838999
match,ruler_fwe_16k,20,L6,OFF,0.2713227513227513,0.013566137566137565,0.5843079922027291,0.4643488621470272
match,ruler_fwe_16k,20,L6,L0,1.7576566788331494,0.08788283394165747,0.044159544159544165,39.80241898518938
match,ruler_fwe_16k,20,L6,L12,0.6087830687830689,0.030439153439153443,1.6353276353276351,0.37226978596316584
match,ruler_fwe_16k,20,L6,L18,1.7058333333333333,0.08529166666666667,0.8302594092067777,2.0545787430016254
match,ruler_fwe_16k,20,L6,L24,0.07703703703703704,0.003851851851851852,0.16666666666666669,0.4622222222222222
match,ruler_fwe_16k,20,L6,ALL,0.724498132586368,0.0362249066293184,0.5534188034188035,1.309131760812433
match,ruler_fwe_16k,20,L12,OFF,0.2775536881419234,0.013877684407096169,0.018518518518518517,14.987899159663863
match,ruler_fwe_16k,20,L12,L0,0.5902645502645503,0.029513227513227512,0.913105413105413,0.646436371740584
match,ruler_fwe_16k,20,L12,L6,0.7254901960784315,0.03627450980392157,1.6353276353276351,0.44363599098175865
match,ruler_fwe_16k,20,L12,L18,0.29067460317460314,0.014533730158730157,0.24074074074074073,1.2074175824175823
match,ruler_fwe_16k,20,L12,L24,0.48755368814192346,0.024377684407096173,0.5,0.9751073762838469
match,ruler_fwe_16k,20,L12,ALL,0.15852813852813852,0.007926406926406926,0.15384615384615388,1.0304329004329
match,ruler_fwe_16k,20,L18,OFF,0,0.0,0.554093567251462,0.0
match,ruler_fwe_16k,20,L18,L0,0.5042299748182101,0.025211498740910505,0.7891737891737892,0.6389340114122445
match,ruler_fwe_16k,20,L18,L6,0.3483597883597883,0.017417989417989416,0.8302594092067777,0.41957945251425466
match,ruler_fwe_16k,20,L18,L12,0.2175925925925926,0.01087962962962963,0.24074074074074073,0.9038461538461539
match,ruler_fwe_16k,20,L18,L24,0.24929971988795518,0.01246498599439776,0.9202279202279202,0.27091084111663244
match,ruler_fwe_16k,20,L18,ALL,0.3363992869875223,0.016819964349376115,0.6944444444444444,0.48441497326203214
match,ruler_fwe_16k,20,L24,OFF,0,0.0,0.25,0.0
match,ruler_fwe_16k,20,L24,L0,0.22123015873015872,0.011061507936507935,0.6723646723646725,0.3290329903147699
match,ruler_fwe_16k,20,L24,L6,0.06,0.003,0.16666666666666669,0.35999999999999993
match,ruler_fwe_16k,20,L24,L12,0.18567460317460316,0.009283730158730158,0.5,0.3713492063492063
match,ruler_fwe_16k,20,L24,L18,0.11764705882352941,0.0058823529411764705,0.9202279202279202,0.12784556547077036
match,ruler_fwe_16k,20,L24,ALL,1.7344444444444445,0.08672222222222223,0.26282051282051283,6.599349593495934
match,ruler_fwe_16k,20,ALL,OFF,0.6155555555555556,0.030777777777777782,0.037037037037037035,16.620000000000005
match,ruler_fwe_16k,20,ALL,L0,0.3936383442265795,0.019681917211328975,0.17948717948717957,2.1931279178337992
match,ruler_fwe_16k,20,ALL,L6,0.5801029906912261,0.029005149534561302,0.5534188034188035,1.0482169870405165
match,ruler_fwe_16k,20,ALL,L12,0.577037037037037,0.02885185185185185,0.15384615384615388,3.75074074074074
match,ruler_fwe_16k,20,ALL,L18,0.2960942760942761,0.014804713804713803,0.6944444444444444,0.4263757575757576
match,ruler_fwe_16k,20,ALL,L24,0.7235016835016836,0.03617508417508418,0.26282051282051283,2.752835673811284
match,ruler_niah_multikey_1_16k,1,OFF,L0,0,0.0,0.0,
match,ruler_niah_multikey_1_16k,1,OFF,L6,0,0.0,0.0,
match,ruler_niah_multikey_1_16k,1,OFF,L12,0,0.0,0.0,
match,ruler_niah_multikey_1_16k,1,OFF,L18,0,0.0,0.0,
match,ruler_niah_multikey_1_16k,1,OFF,L24,0,0.0,0.0,
match,ruler_niah_multikey_1_16k,1,OFF,ALL,0,0.0,0.0,
match,ruler_niah_multikey_1_16k,1,L0,OFF,0,0.0,0.0,
match,ruler_niah_multikey_1_16k,1,L0,L6,0,0.0,0.0,
match,ruler_niah_multikey_1_16k,1,L0,L12,0,0.0,0.0,
match,ruler_niah_multikey_1_16k,1,L0,L18,0,0.0,0.0,
match,ruler_niah_multikey_1_16k,1,L0,L24,0,0.0,0.0,
match,ruler_niah_multikey_1_16k,1,L0,ALL,0,0.0,0.0,
match,ruler_niah_multikey_1_16k,1,L6,OFF,0,0.0,0.0,
match,ruler_niah_multikey_1_16k,1,L6,L0,0,0.0,0.0,
match,ruler_niah_multikey_1_16k,1,L6,L12,0,0.0,0.0,
match,ruler_niah_multikey_1_16k,1,L6,L18,1.0,1.0,0.5,2.0
match,ruler_niah_multikey_1_16k,1,L6,L24,0,0.0,0.0,
match,ruler_niah_multikey_1_16k,1,L6,ALL,0,0.0,0.0,
match,ruler_niah_multikey_1_16k,1,L12,OFF,0,0.0,0.0,
match,ruler_niah_multikey_1_16k,1,L12,L0,0,0.0,0.0,
match,ruler_niah_multikey_1_16k,1,L12,L6,0,0.0,0.0,
match,ruler_niah_multikey_1_16k,1,L12,L18,0,0.0,0.0,
match,ruler_niah_multikey_1_16k,1,L12,L24,0,0.0,0.0,
match,ruler_niah_multikey_1_16k,1,L12,ALL,0,0.0,0.0,
match,ruler_niah_multikey_1_16k,1,L18,OFF,0,0.0,0.0,
match,ruler_niah_multikey_1_16k,1,L18,L0,0,0.0,0.0,
match,ruler_niah_multikey_1_16k,1,L18,L6,0,0.0,0.5,0.0
match,ruler_niah_multikey_1_16k,1,L18,L12,0,0.0,0.0,
match,ruler_niah_multikey_1_16k,1,L18,L24,0,0.0,0.0,
match,ruler_niah_multikey_1_16k,1,L18,ALL,0,0.0,0.0,
match,ruler_niah_multikey_1_16k,1,L24,OFF,0,0.0,0.0,
match,ruler_niah_multikey_1_16k,1,L24,L0,0,0.0,0.0,
match,ruler_niah_multikey_1_16k,1,L24,L6,0,0.0,0.0,
match,ruler_niah_multikey_1_16k,1,L24,L12,0,0.0,0.0,
match,ruler_niah_multikey_1_16k,1,L24,L18,0,0.0,0.0,
match,ruler_niah_multikey_1_16k,1,L24,ALL,0,0.0,0.0,
match,ruler_niah_multikey_1_16k,1,ALL,OFF,0,0.0,0.0,
match,ruler_niah_multikey_1_16k,1,ALL,L0,0,0.0,0.0,
match,ruler_niah_multikey_1_16k,1,ALL,L6,0,0.0,0.0,
match,ruler_niah_multikey_1_16k,1,ALL,L12,0,0.0,0.0,
match,ruler_niah_multikey_1_16k,1,ALL,L18,0,0.0,0.0,
match,ruler_niah_multikey_1_16k,1,ALL,L24,0,0.0,0.0,
match,ruler_niah_multikey_2_16k,4,OFF,L0,0.16387959866220736,0.04096989966555184,0.0,
match,ruler_niah_multikey_2_16k,4,OFF,L6,0,0.0,0.0,
match,ruler_niah_multikey_2_16k,4,OFF,L12,0.022727272727272728,0.005681818181818182,0.0,
match,ruler_niah_multikey_2_16k,4,OFF,L18,0,0.0,0.0,
match,ruler_niah_multikey_2_16k,4,OFF,L24,0,0.0,0.0,
match,ruler_niah_multikey_2_16k,4,OFF,ALL,0.05976430976430976,0.01494107744107744,0.0,
match,ruler_niah_multikey_2_16k,4,L0,OFF,0.2656976678715809,0.06642441696789522,0.0,
match,ruler_niah_multikey_2_16k,4,L0,L6,0.3347550195376282,0.08368875488440705,0.0,
match,ruler_niah_multikey_2_16k,4,L0,L12,0.52799454973368,0.13199863743342,0.0,
match,ruler_niah_multikey_2_16k,4,L0,L18,0.24154589371980675,0.06038647342995169,0.0,
match,ruler_niah_multikey_2_16k,4,L0,L24,0.2222194070020157,0.055554851750503925,0.7407407407407407,0.2999961994527212
match,ruler_niah_multikey_2_16k,4,L0,ALL,0.07407407407407407,0.018518518518518517,0.24074074074074073,0.3076923076923077
match,ruler_niah_multikey_2_16k,4,L6,OFF,0,0.0,0.0,
match,ruler_niah_multikey_2_16k,4,L6,L0,0.037037037037037035,0.009259259259259259,0.0,
match,ruler_niah_multikey_2_16k,4,L6,L12,0.06818181818181818,0.017045454545454544,0.0,
match,ruler_niah_multikey_2_16k,4,L6,L18,0.022727272727272728,0.005681818181818182,0.0,
match,ruler_niah_multikey_2_16k,4,L6,L24,0,0.0,0.0,
match,ruler_niah_multikey_2_16k,4,L6,ALL,0.022727272727272728,0.005681818181818182,0.0,
match,ruler_niah_multikey_2_16k,4,L12,OFF,0,0.0,0.0,
match,ruler_niah_multikey_2_16k,4,L12,L0,0.11396011396011396,0.02849002849002849,0.0,
match,ruler_niah_multikey_2_16k,4,L12,L6,0,0.0,0.0,
match,ruler_niah_multikey_2_16k,4,L12,L18,0.045454545454545456,0.011363636363636364,0.0,
match,ruler_niah_multikey_2_16k,4,L12,L24,0.022727272727272728,0.005681818181818182,0.0,
match,ruler_niah_multikey_2_16k,4,L12,ALL,0.08249158249158249,0.020622895622895623,0.5,0.16498316498316498
match,ruler_niah_multikey_2_16k,4,L18,OFF,0.09090909090909091,0.022727272727272728,0.0,
match,ruler_niah_multikey_2_16k,4,L18,L0,0.22506840985101856,0.05626710246275464,0.0,
match,ruler_niah_multikey_2_16k,4,L18,L6,0.043478260869565216,0.010869565217391304,0.0,
match,ruler_niah_multikey_2_16k,4,L18,L12,0.045454545454545456,0.011363636363636364,0.0,
match,ruler_niah_multikey_2_16k,4,L18,L24,0.045454545454545456,0.011363636363636364,0.0,
match,ruler_niah_multikey_2_16k,4,L18,ALL,0.09822584822584823,0.02455646205646206,0.0,
match,ruler_niah_multikey_2_16k,4,L24,OFF,0,0.0,0.0,
match,ruler_niah_multikey_2_16k,4,L24,L0,0.07692307692307693,0.019230769230769232,0.7407407407407407,0.10384615384615385
match,ruler_niah_multikey_2_16k,4,L24,L6,0,0.0,0.0,
match,ruler_niah_multikey_2_16k,4,L24,L12,0.045454545454545456,0.011363636363636364,0.0,
match,ruler_niah_multikey_2_16k,4,L24,L18,0.022727272727272728,0.005681818181818182,0.0,
match,ruler_niah_multikey_2_16k,4,L24,ALL,0.08249158249158249,0.020622895622895623,0.5185185185185185,0.1590909090909091
match,ruler_niah_multikey_2_16k,4,ALL,OFF,0.15941465941465943,0.03985366485366486,0.0,
match,ruler_niah_multikey_2_16k,4,ALL,L0,0.1259698433611477,0.03149246084028692,0.24074074074074073,0.5232593493463058
match,ruler_niah_multikey_2_16k,4,ALL,L6,0.24333074333074337,0.06083268583268584,0.0,
match,ruler_niah_multikey_2_16k,4,ALL,L12,0.14510489510489513,0.03627622377622378,0.5,0.29020979020979026
match,ruler_niah_multikey_2_16k,4,ALL,L18,0.16083916083916086,0.040209790209790215,0.0,
match,ruler_niah_multikey_2_16k,4,ALL,L24,0.06118881118881119,0.015297202797202798,0.5185185185185185,0.11800699300699302
match,ruler_niah_multikey_3_16k,12,OFF,L0,0.3870298065059733,0.03225248387549778,0.32474576271186445,1.1917932455037799
match,ruler_niah_multikey_3_16k,12,OFF,L6,0.009259259259259259,0.0007716049382716049,0.5,0.018518518518518517
match,ruler_niah_multikey_3_16k,12,OFF,L12,0.11197236627557713,0.00933103052296476,0.008474576271186446,13.212739220518094
match,ruler_niah_multikey_3_16k,12,OFF,L18,0.03773584905660377,0.003144654088050314,0.008474576271186446,4.4528301886792425
match,ruler_niah_multikey_3_16k,12,OFF,L24,0.05263157894736842,0.0043859649122807015,0.036949152542372896,1.4244326412361172
match,ruler_niah_multikey_3_16k,12,OFF,ALL,0.2948095723315022,0.024567464360958514,0.0,
match,ruler_niah_multikey_3_16k,12,L0,OFF,0.23444637537239324,0.019537197947699435,0.32474576271186445,0.7219382122636325
match,ruler_niah_multikey_3_16k,12,L0,L6,0.5535999616043475,0.04613333013369563,0.24074074074074073,2.2995690712795978
match,ruler_niah_multikey_3_16k,12,L0,L12,0.4035848248567547,0.03363206873806289,0.08474576271186444,4.762300933309703
match,ruler_niah_multikey_3_16k,12,L0,L18,0.4094002894441491,0.034116690787012426,0.08474576271186444,4.830923415440957
match,ruler_niah_multikey_3_16k,12,L0,L24,0.25759717053576703,0.021466430877980586,1.1502322661644695,0.22395230781930933
match,ruler_niah_multikey_3_16k,12,L0,ALL,0.13385315139701104,0.011154429283084253,0.5,0.2677063027940221
match,ruler_niah_multikey_3_16k,12,L6,OFF,0.08516924736719506,0.007097437280599588,0.5,0.1703384947343901
match,ruler_niah_multikey_3_16k,12,L6,L0,0.31170242644919904,0.02597520220409992,0.24074074074074073,1.2947639252505192
match,ruler_niah_multikey_3_16k,12,L6,L12,0.05899138131842534,0.004915948443202111,0.0,
match,ruler_niah_multikey_3_16k,12,L6,L18,0.07556058209815243,0.006296715174846036,0.0,
match,ruler_niah_multikey_3_16k,12,L6,L24,0.05527970870572658,0.004606642392143882,0.018518518518518517,2.985104270109235
match,ruler_niah_multikey_3_16k,12,L6,ALL,0.46944385931476307,0.03912032160956359,1.5,0.3129625728765087
match,ruler_niah_multikey_3_16k,12,L12,OFF,0.13040200080915076,0.010866833400762563,0.008474576271186446,15.387436095479782
match,ruler_niah_multikey_3_16k,12,L12,L0,0.43367550881205297,0.036139625734337745,0.08474576271186444,5.117371003982223
match,ruler_niah_multikey_3_16k,12,L12,L6,0.04973212205916608,0.004144343504930506,0.0,
match,ruler_niah_multikey_3_16k,12,L12,L18,0.08438155136268344,0.007031795946890286,0.008474576271186446,9.95702306079664
match,ruler_niah_multikey_3_16k,12,L12,L24,0.1277538710507926,0.010646155920899384,0.25694915254237294,0.4971951445908155
match,ruler_niah_multikey_3_16k,12,L12,ALL,0.6189031507282915,0.051575262560690956,0.24000000000000002,2.5787631280345478
match,ruler_niah_multikey_3_16k,12,L18,OFF,0.05660377358490566,0.0047169811320754715,0.008474576271186446,6.679245283018864
match,ruler_niah_multikey_3_16k,12,L18,L0,0.29105544298775016,0.02425462024897918,0.08474576271186444,3.43445422725545
match,ruler_niah_multikey_3_16k,12,L18,L6,0.04875746318977037,0.004063121932480864,0.0,
match,ruler_niah_multikey_3_16k,12,L18,L12,0.10227481702158961,0.008522901418465801,0.008474576271186446,12.068428408547566
match,ruler_niah_multikey_3_16k,12,L18,L24,0.07547169811320754,0.006289308176100628,0.5169491525423728,0.14599443241571297
match,ruler_niah_multikey_3_16k,12,L18,ALL,0.27968553041169725,0.023307127534308105,0.5,0.5593710608233945
match,ruler_niah_multikey_3_16k,12,L24,OFF,0.03508771929824561,0.0029239766081871343,0.036949152542372896,0.9496217608240781
match,ruler_niah_multikey_3_16k,12,L24,L0,0.35061802232854866,0.029218168527379056,1.1502322661644695,0.3048236713943951
match,ruler_niah_multikey_3_16k,12,L24,L6,0.026803118908382065,0.002233593242365172,0.018518518518518517,1.4473684210526316
match,ruler_niah_multikey_3_16k,12,L24,L12,0.06595191682910981,0.005495993069092484,0.25694915254237294,0.2566730272373006
match,ruler_niah_multikey_3_16k,12,L24,L18,0.018867924528301886,0.001572327044025157,0.5169491525423728,0.03649860810392824
match,ruler_niah_multikey_3_16k,12,L24,ALL,0.20852746403681524,0.017377288669734602,0.020000000000000004,10.42637320184076
match,ruler_niah_multikey_3_16k,12,ALL,OFF,0.9901873264811862,0.08251561054009886,0.0,
match,ruler_niah_multikey_3_16k,12,ALL,L0,0.6141487979207277,0.05117906649339398,0.5,1.2282975958414555
match,ruler_niah_multikey_3_16k,12,ALL,L6,0.4045007199881414,0.03370839333234512,1.5,0.26966714665876096
match,ruler_niah_multikey_3_16k,12,ALL,L12,0.43580948372615036,0.0363174569771792,0.24000000000000002,1.8158728488589597
match,ruler_niah_multikey_3_16k,12,ALL,L18,1.7547839506172842,0.14623199588477367,0.5,3.5095679012345684
match,ruler_niah_multikey_3_16k,12,ALL,L24,0.8539492143658811,0.07116243453049009,0.020000000000000004,42.697460718294046
match,ruler_niah_multiquery_16k,11,OFF,L0,0.17312348668280872,0.015738498789346248,0.0,
match,ruler_niah_multiquery_16k,11,OFF,L6,0.14814814814814814,0.013468013468013467,0.0,
match,ruler_niah_multiquery_16k,11,OFF,L12,0.22391636565712694,0.020356033241556996,0.0,
match,ruler_niah_multiquery_16k,11,OFF,L18,0.2741018595700452,0.024918350870004106,0.0,
match,ruler_niah_multiquery_16k,11,OFF,L24,0.03333333333333333,0.0030303030303030303,0.0,
match,ruler_niah_multiquery_16k,11,OFF,ALL,0.7435011709601874,0.06759101554183522,0.5,1.4870023419203748
match,ruler_niah_multiquery_16k,11,L0,OFF,0.1978489027669355,0.01798626388790323,0.0,
match,ruler_niah_multiquery_16k,11,L0,L6,0.15001852366398072,0.013638047605816429,0.5,0.30003704732796144
match,ruler_niah_multiquery_16k,11,L0,L12,0.18942725124997978,0.017220659204543617,0.08771929824561406,2.1594706642497687
match,ruler_niah_multiquery_16k,11,L0,L18,0.7872755659640902,0.07157050599673548,0.9210526315789476,0.854756328761012
match,ruler_niah_multiquery_16k,11,L0,L24,0.20658773527625982,0.01878070320693271,0.9035087719298246,0.22865050312129725
match,ruler_niah_multiquery_16k,11,L0,ALL,0.4842505854800937,0.044022780498190334,0.0,
match,ruler_niah_multiquery_16k,11,L6,OFF,0.01639344262295082,0.0014903129657228018,0.0,
match,ruler_niah_multiquery_16k,11,L6,L0,0.49572459869070046,0.045065872608245496,0.5,0.9914491973814009
match,ruler_niah_multiquery_16k,11,L6,L12,0.24973603778827452,0.02270327616257041,0.0,
match,ruler_niah_multiquery_16k,11,L6,L18,0.2267028172140703,0.020609347019460936,0.0,
match,ruler_niah_multiquery_16k,11,L6,L24,0.062196509612458484,0.005654228146587135,0.5,0.12439301922491697
match,ruler_niah_multiquery_16k,11,L6,ALL,0.5779372503531992,0.05253975003210902,1.0,0.5779372503531992
match,ruler_niah_multiquery_16k,11,L12,OFF,0.16696767620635358,0.015178879655123052,0.0,
match,ruler_niah_multiquery_16k,11,L12,L0,0.6455205811138012,0.05868368919216374,0.08771929824561406,7.358934624697332
match,ruler_niah_multiquery_16k,11,L12,L6,0.32474529962026494,0.02952229996547863,0.0,
match,ruler_niah_multiquery_16k,11,L12,L18,0.0333425951653237,0.0030311450150294276,0.026315789473684223,1.2670186162823
match,ruler_niah_multiquery_16k,11,L12,L24,0.23362508104102994,0.02123864373100272,0.5087719298245614,0.45919412480478294
match,ruler_niah_multiquery_16k,11,L12,ALL,0.5369047619047618,0.048809523809523796,0.0,
match,ruler_niah_multiquery_16k,11,L18,OFF,0.37619047619047613,0.034199134199134194,0.0,
match,ruler_niah_multiquery_16k,11,L18,L0,0.8450971463266546,0.07682701330242314,0.9210526315789476,0.9175340445832247
match,ruler_niah_multiquery_16k,11,L18,L6,0.07037037037037036,0.006397306397306396,0.0,
match,ruler_niah_multiquery_16k,11,L18,L12,0.05398618957940991,0.004907835416309992,0.026315789473684223,2.0514752040175757
match,ruler_niah_multiquery_16k,11,L18,L24,0.1539861895794099,0.013998744507219081,0.05263157894736843,2.9257376020087875
match,ruler_niah_multiquery_16k,11,L18,ALL,0.28727556596409065,0.02611596054219006,0.5,0.5745511319281813
match,ruler_niah_multiquery_16k,11,L24,OFF,0.03389830508474576,0.0030816640986132513,0.0,
match,ruler_niah_multiquery_16k,11,L24,L0,0.24959644874899117,0.022690586249908287,0.9035087719298246,0.27625238016878634
match,ruler_niah_multiquery_16k,11,L24,L6,0.1824259310713881,0.016584175551944372,0.5,0.3648518621427762
match,ruler_niah_multiquery_16k,11,L24,L12,0.28454233318779026,0.02586748483525366,0.5087719298245614,0.559272861782898
match,ruler_niah_multiquery_16k,11,L24,L18,0.1339075669167361,0.012173415174248737,0.05263157894736843,2.5442437714179857
match,ruler_niah_multiquery_16k,11,L24,ALL,0.2098068834523405,0.019073353041121864,0.0,
match,ruler_niah_multiquery_16k,11,ALL,OFF,0.07858995223540931,0.007144541112309937,0.5,0.15717990447081862
match,ruler_niah_multiquery_16k,11,ALL,L0,0.12066211807806695,0.01096928346164245,0.0,
match,ruler_niah_multiquery_16k,11,ALL,L6,0.132796147077892,0.012072377007081091,1.0,0.132796147077892
match,ruler_niah_multiquery_16k,11,ALL,L12,0.1738008500303582,0.015800077275487108,0.0,
match,ruler_niah_multiquery_16k,11,ALL,L18,0.2153445033967401,0.019576773036067283,0.5,0.4306890067934802
match,ruler_niah_multiquery_16k,11,ALL,L24,0.2163934426229508,0.019672131147540982,0.0,
match,ruler_niah_multivalue_16k,8,OFF,L0,0.05386992555134148,0.006733740693917685,0.0,
match,ruler_niah_multivalue_16k,8,OFF,L6,0.10444699248979965,0.013055874061224956,0.0,
match,ruler_niah_multivalue_16k,8,OFF,L12,0.03653015023667421,0.0045662687795842765,0.0,
match,ruler_niah_multivalue_16k,8,OFF,L18,0.07676639977524932,0.009595799971906165,0.0,
match,ruler_niah_multivalue_16k,8,OFF,L24,0.03357213091726366,0.0041965163646579574,0.5,0.06714426183452732
match,ruler_niah_multivalue_16k,8,OFF,ALL,0.22922926528092202,0.028653658160115253,0.0,
match,ruler_niah_multivalue_16k,8,L0,OFF,0.06012080348363534,0.007515100435454418,0.0,
match,ruler_niah_multivalue_16k,8,L0,L6,0.07156904059558927,0.008946130074448659,0.018518518518518517,3.864728192161821
match,ruler_niah_multivalue_16k,8,L0,L12,0.5998044865198601,0.07497556081498251,0.24074074074074073,2.491495559390188
match,ruler_niah_multivalue_16k,8,L0,L18,0.38902935805590677,0.048628669756988346,0.15789473684210528,2.4638526010207427
match,ruler_niah_multivalue_16k,8,L0,L24,0.1195474279442174,0.014943428493027175,0.8157894736842106,0.14654200844775034
match,ruler_niah_multivalue_16k,8,L0,ALL,0.045020368029217585,0.005627546003652198,0.0,
match,ruler_niah_multivalue_16k,8,L6,OFF,0.0874665569047129,0.010933319613089113,0.0,
match,ruler_niah_multivalue_16k,8,L6,L0,0.2088576426660394,0.026107205333254925,0.018518518518518517,11.278312703966128
match,ruler_niah_multivalue_16k,8,L6,L12,0.5958959319475887,0.07448699149344859,0.9814814814814814,0.6071392514182979
match,ruler_niah_multivalue_16k,8,L6,L18,0.18006963023941824,0.02250870377992728,0.5,0.3601392604788365
match,ruler_niah_multivalue_16k,8,L6,L24,0.10776435153879073,0.013470543942348841,0.0,
match,ruler_niah_multivalue_16k,8,L6,ALL,0.1653181626632954,0.020664770332911926,0.018518518518518517,8.927180783817953
match,ruler_niah_multivalue_16k,8,L12,OFF,0.1676604860233179,0.020957560752914738,0.0,
match,ruler_niah_multivalue_16k,8,L12,L0,0.09242168843938756,0.011552711054923444,0.24074074074074073,0.38390547505591754
match,ruler_niah_multivalue_16k,8,L12,L6,0.6245270599149999,0.07806588248937499,0.9814814814814814,0.6363105893473584
match,ruler_niah_multivalue_16k,8,L12,L18,0.15959045071002265,0.01994880633875283,0.0,
match,ruler_niah_multivalue_16k,8,L12,L24,0.06454558224469728,0.00806819778058716,0.0,
match,ruler_niah_multivalue_16k,8,L12,ALL,0.23855984803196162,0.029819981003995202,0.24074074074074073,0.9909409072096867
match,ruler_niah_multivalue_16k,8,L18,OFF,0.12212389380530973,0.015265486725663717,0.0,
match,ruler_niah_multivalue_16k,8,L18,L0,0.3082947043124034,0.038536838039050426,0.15789473684210528,1.952533127311888
match,ruler_niah_multivalue_16k,8,L18,L6,0.04355360858756619,0.005444201073445774,0.5,0.08710721717513238
match,ruler_niah_multivalue_16k,8,L18,L12,0.06327433628318585,0.007909292035398231,0.0,
match,ruler_niah_multivalue_16k,8,L18,L24,0.13561595729737325,0.016951994662171656,0.02631578947368421,5.1534063773001835
match,ruler_niah_multivalue_16k,8,L18,ALL,0.15645447655634936,0.01955680956954367,0.5,0.31290895311269873
match,ruler_niah_multivalue_16k,8,L24,OFF,0.01327433628318584,0.00165929203539823,0.5,0.02654867256637168
match,ruler_niah_multivalue_16k,8,L24,L0,0.07859249894648124,0.009824062368310155,0.8157894736842106,0.09633919225697699
match,ruler_niah_multivalue_16k,8,L24,L6,0.20574273888741884,0.025717842360927355,0.0,
match,ruler_niah_multivalue_16k,8,L24,L12,0.09537970775879812,0.011922463469849764,0.0,
match,ruler_niah_multivalue_16k,8,L24,L18,0.01327433628318584,0.00165929203539823,0.02631578947368421,0.504424778761062
match,ruler_niah_multivalue_16k,8,L24,ALL,0.2945860569651473,0.03682325712064341,0.0,
match,ruler_niah_multivalue_16k,8,ALL,OFF,0.4413892400618064,0.0551736550077258,0.0,
match,ruler_niah_multivalue_16k,8,ALL,L0,0.14972257339513978,0.018715321674392472,0.0,
match,ruler_niah_multivalue_16k,8,ALL,L6,0.25377388384179905,0.03172173548022488,0.018518518518518517,13.70378972745715
match,ruler_niah_multivalue_16k,8,ALL,L12,0.34323755296177605,0.042904694120222006,0.24074074074074073,1.4257559892258391
match,ruler_niah_multivalue_16k,8,ALL,L18,0.1095835089197921,0.013697938614974012,0.5,0.2191670178395842
match,ruler_niah_multivalue_16k,8,ALL,L24,0.6599428486493726,0.08249285608117157,0.0,
match,ruler_qa_hotpotqa_16k,12,OFF,L0,0.6208010335917314,0.05173341946597762,0.0,
match,ruler_qa_hotpotqa_16k,12,OFF,L6,0,0.0,0.5087719298245614,0.0
match,ruler_qa_hotpotqa_16k,12,OFF,L12,0.2772240679217423,0.023102005660145194,0.0,
match,ruler_qa_hotpotqa_16k,12,OFF,L18,0.08333333333333333,0.006944444444444444,0.05508771929824562,1.5127388535031845
match,ruler_qa_hotpotqa_16k,12,OFF,L24,0,0.0,0.24000000000000002,0.0
match,ruler_qa_hotpotqa_16k,12,OFF,ALL,0.4719915097822074,0.03933262581518395,0.07017543859649124,6.725879014396455
match,ruler_qa_hotpotqa_16k,12,L0,OFF,0.1298449612403101,0.010820413436692508,0.0,
match,ruler_qa_hotpotqa_16k,12,L0,L6,0.22624269005847952,0.018853557504873292,0.0,
match,ruler_qa_hotpotqa_16k,12,L0,L12,0.1298449612403101,0.010820413436692508,0.5,0.2596899224806202
match,ruler_qa_hotpotqa_16k,12,L0,L18,0.8520671834625324,0.0710055986218777,0.5,1.7041343669250648
match,ruler_qa_hotpotqa_16k,12,L0,L24,0.3965116279069767,0.03304263565891472,0.0,
match,ruler_qa_hotpotqa_16k,12,L0,ALL,0.16776315789473684,0.013980263157894737,0.0,
match,ruler_qa_hotpotqa_16k,12,L6,OFF,0.2802937576499388,0.0233578131374949,0.5087719298245614,0.5509222133119487
match,ruler_qa_hotpotqa_16k,12,L6,L0,0.4444444444444444,0.037037037037037035,0.0,
match,ruler_qa_hotpotqa_16k,12,L6,L12,0.3192982456140351,0.026608187134502925,0.5,0.6385964912280702
match,ruler_qa_hotpotqa_16k,12,L6,L18,0.27325581395348836,0.022771317829457363,0.5350877192982456,0.5106747998475029
match,ruler_qa_hotpotqa_16k,12,L6,L24,0.204406364749082,0.017033863729090166,0.0,
match,ruler_qa_hotpotqa_16k,12,L6,ALL,0.2270671834625323,0.01892226528854436,0.07017543859649124,3.235707364341085
match,ruler_qa_hotpotqa_16k,12,L12,OFF,0,0.0,0.0,
match,ruler_qa_hotpotqa_16k,12,L12,L0,0.5902777777777778,0.04918981481481482,0.5,1.1805555555555556
match,ruler_qa_hotpotqa_16k,12,L12,L6,0.43881506090808414,0.036567921742340345,0.5,0.8776301218161683
match,ruler_qa_hotpotqa_16k,12,L12,L18,0.027777777777777776,0.0023148148148148147,0.0,
match,ruler_qa_hotpotqa_16k,12,L12,L24,0.027777777777777776,0.0023148148148148147,0.24000000000000002,0.11574074074074073
match,ruler_qa_hotpotqa_16k,12,L12,ALL,0.7180232558139534,0.05983527131782945,0.24000000000000002,2.9917635658914725
match,ruler_qa_hotpotqa_16k,12,L18,OFF,0.12777777777777777,0.010648148148148148,0.05508771929824562,2.3195329087048826
match,ruler_qa_hotpotqa_16k,12,L18,L0,0.5742894056847546,0.04785745047372955,0.5,1.1485788113695092
match,ruler_qa_hotpotqa_16k,12,L18,L6,0.2260641914864681,0.01883868262387234,0.5350877192982456,0.4224806201550388
match,ruler_qa_hotpotqa_16k,12,L18,L12,0,0.0,0.0,
match,ruler_qa_hotpotqa_16k,12,L18,L24,0.3111111111111111,0.025925925925925925,1.24,0.25089605734767023
match,ruler_qa_hotpotqa_16k,12,L18,ALL,0.20381136950904394,0.016984280792420328,0.28070175438596495,0.7260780038759689
match,ruler_qa_hotpotqa_16k,12,L24,OFF,0.3333333333333333,0.027777777777777776,0.24000000000000002,1.3888888888888886
match,ruler_qa_hotpotqa_16k,12,L24,L0,0.027777777777777776,0.0023148148148148147,0.0,
match,ruler_qa_hotpotqa_16k,12,L24,L6,0.023255813953488372,0.001937984496124031,0.0,
match,ruler_qa_hotpotqa_16k,12,L24,L12,0.25,0.020833333333333332,0.24000000000000002,1.0416666666666665
match,ruler_qa_hotpotqa_16k,12,L24,L18,0.438888888888889,0.036574074074074085,1.24,0.3539426523297492
match,ruler_qa_hotpotqa_16k,12,L24,ALL,0.5254798818752308,0.04378999015626923,1.02,0.515176354779638
match,ruler_qa_hotpotqa_16k,12,ALL,OFF,0.4201334246468885,0.035011118720574046,0.07017543859649124,5.98690130121816
match,ruler_qa_hotpotqa_16k,12,ALL,L0,0.05263157894736842,0.0043859649122807015,0.0,
match,ruler_qa_hotpotqa_16k,12,ALL,L6,0.21637426900584794,0.018031189083820662,0.07017543859649124,3.0833333333333326
match,ruler_qa_hotpotqa_16k,12,ALL,L12,0.8013888888888889,0.06678240740740742,0.24000000000000002,3.3391203703703702
match,ruler_qa_hotpotqa_16k,12,ALL,L18,0.16374269005847952,0.01364522417153996,0.28070175438596495,0.5833333333333333
match,ruler_qa_hotpotqa_16k,12,ALL,L24,0.39687761069340016,0.03307313422445001,1.02,0.38909569675823547
match,ruler_qa_squad_16k,15,OFF,L0,0.11888111888111888,0.007925407925407925,0.5,0.23776223776223776
match,ruler_qa_squad_16k,15,OFF,L6,0.3893939393939394,0.02595959595959596,0.5,0.7787878787878788
match,ruler_qa_squad_16k,15,OFF,L12,0.036060606060606064,0.002404040404040404,0.0,
match,ruler_qa_squad_16k,15,OFF,L18,0.013333333333333334,0.0008888888888888889,0.0,
match,ruler_qa_squad_16k,15,OFF,L24,0,0.0,0.0,
match,ruler_qa_squad_16k,15,OFF,ALL,0.9418729808203492,0.06279153205468994,0.5,1.8837459616406984
match,ruler_qa_squad_16k,15,L0,OFF,0.13680652680652683,0.009120435120435122,0.5,0.27361305361305366
match,ruler_qa_squad_16k,15,L0,L6,0.380184026499816,0.0253456017666544,0.3103448275862069,1.2250374187216293
match,ruler_qa_squad_16k,15,L0,L12,0.14135198135198135,0.009423465423465423,0.842857142857143,0.1677057405870965
match,ruler_qa_squad_16k,15,L0,L18,0.22771561771561774,0.015181041181041183,0.39326765188834156,0.5790347022497336
match,ruler_qa_squad_16k,15,L0,L24,0.3931701631701632,0.02621134421134421,0.23809523809523808,1.6513146853146854
match,ruler_qa_squad_16k,15,L0,ALL,0.20314685314685316,0.013543123543123543,0.5666666666666667,0.3584944467297409
match,ruler_qa_squad_16k,15,L6,OFF,0.2093939393939394,0.01395959595959596,0.5,0.4187878787878788
match,ruler_qa_squad_16k,15,L6,L0,2.6235814185814186,0.1749054279054279,0.3103448275862069,8.453762348762348
match,ruler_qa_squad_16k,15,L6,L12,0.2779229542387437,0.01852819694924958,0.2391304347826087,1.1622232631802007
match,ruler_qa_squad_16k,15,L6,L18,0.2815151515151515,0.018767676767676766,0.034482758620689655,8.163939393939394
match,ruler_qa_squad_16k,15,L6,L24,0.26484848484848483,0.017656565656565655,0.0,
match,ruler_qa_squad_16k,15,L6,ALL,0.9982350982350982,0.06654900654900654,0.7391304347826086,1.350553368200427
match,ruler_qa_squad_16k,15,L12,OFF,0.05,0.0033333333333333335,0.0,
match,ruler_qa_squad_16k,15,L12,L0,0.23494172494172494,0.015662781662781664,0.842857142857143,0.2787444194223855
match,ruler_qa_squad_16k,15,L12,L6,0.0993939393939394,0.006626262626262627,0.2391304347826087,0.41564738292011016
match,ruler_qa_squad_16k,15,L12,L18,0.3833333333333333,0.025555555555555554,0.5238095238095238,0.7318181818181817
match,ruler_qa_squad_16k,15,L12,L24,0.06596491228070175,0.004397660818713451,0.23809523809523808,0.2770526315789474
match,ruler_qa_squad_16k,15,L12,ALL,0.17526806526806527,0.011684537684537684,1.374120082815735,0.127549307706005
match,ruler_qa_squad_16k,15,L18,OFF,0,0.0,0.0,
match,ruler_qa_squad_16k,15,L18,L0,0.15622132253711202,0.010414754835807468,0.39326765188834156,0.3972391875787107
match,ruler_qa_squad_16k,15,L18,L6,0.33195804195804196,0.02213053613053613,0.034482758620689655,9.626783216783217
match,ruler_qa_squad_16k,15,L18,L12,0.78,0.052000000000000005,0.5238095238095238,1.489090909090909
match,ruler_qa_squad_16k,15,L18,L24,0.02666666666666667,0.0017777777777777779,0.0,
match,ruler_qa_squad_16k,15,L18,ALL,0.4391068580542265,0.029273790536948435,0.5,0.878213716108453
match,ruler_qa_squad_16k,15,L24,OFF,0,0.0,0.0,
match,ruler_qa_squad_16k,15,L24,L0,0.162983682983683,0.010865578865578866,0.23809523809523808,0.6845314685314686
match,ruler_qa_squad_16k,15,L24,L6,0.23772727272727273,0.015848484848484848,0.0,
match,ruler_qa_squad_16k,15,L24,L12,0.06596491228070175,0.004397660818713451,0.23809523809523808,0.2770526315789474
match,ruler_qa_squad_16k,15,L24,L18,0.013333333333333334,0.0008888888888888889,0.0,
match,ruler_qa_squad_16k,15,L24,ALL,0.8967267819899398,0.05978178546599599,0.0,
match,ruler_qa_squad_16k,15,ALL,OFF,0.628466854782644,0.04189779031884293,0.5,1.256933709565288
match,ruler_qa_squad_16k,15,ALL,L0,0.2784149184149184,0.01856099456099456,0.5666666666666667,0.4913204442616207
match,ruler_qa_squad_16k,15,ALL,L6,0.5414818514818516,0.03609879009879011,0.7391304347826086,0.7325930931813286
match,ruler_qa_squad_16k,15,ALL,L12,0.5757395820553715,0.03838263880369143,1.374120082815735,0.4189878230115179
match,ruler_qa_squad_16k,15,ALL,L18,0.4936183699341593,0.03290789132894396,0.5,0.9872367398683186
match,ruler_qa_squad_16k,15,ALL,L24,0.7252733815891708,0.04835155877261139,0.0,
match,ruler_vt_16k,71,OFF,L0,1.692666343530052,0.023840371035634536,1.1435839292982148,1.4801417719893926
match,ruler_vt_16k,71,OFF,L6,1.6256068294215635,0.02289587083692343,2.495176890216084,0.6514996334711906
match,ruler_vt_16k,71,OFF,L12,1.6028824900165948,0.022575809718543588,1.3528265107212478,1.1848396504013154
match,ruler_vt_16k,71,OFF,L18,0.5335840021877225,0.007515267636446796,1.2316737841277916,0.4332186079332519
match,ruler_vt_16k,71,OFF,L24,0.15607870013483627,0.002198291551194877,0.12020408163265314,1.2984475902558525
match,ruler_vt_16k,71,OFF,ALL,1.8008302530362659,0.025363806380792477,1.263846153846154,1.4248809062368504
match,ruler_vt_16k,71,L0,OFF,1.8000841268088204,0.02535329756068761,1.1435839292982148,1.5740725981638104
match,ruler_vt_16k,71,L0,L6,2.0886201723313635,0.02941718552579385,0.5313390313390313,3.930861557578063
match,ruler_vt_16k,71,L0,L12,3.2529651856594297,0.04581641106562577,3.740740740740741,0.8696045545822237
match,ruler_vt_16k,71,L0,L18,2.904696885088912,0.04091122373364665,2.9340781421248554,0.9899862049977082
match,ruler_vt_16k,71,L0,L24,2.641008682329459,0.037197305384921955,3.841139784748808,0.6875585972724938
match,ruler_vt_16k,71,L0,ALL,3.0504531524087466,0.042964128907165444,2.1380027628627856,1.4267769927126708
match,ruler_vt_16k,71,L6,OFF,1.8742407610354865,0.02639775719768291,2.495176890216084,0.7511454471964014
match,ruler_vt_16k,71,L6,L0,3.35056419533082,0.047191045004659433,0.5313390313390313,6.3058875740542515
match,ruler_vt_16k,71,L6,L12,1.0983975232980923,0.015470387652085806,2.165542060278902,0.5072159730560156
match,ruler_vt_16k,71,L6,L18,1.4261481098227282,0.020086593096094764,1.4515826801045169,0.9824780423255275
match,ruler_vt_16k,71,L6,L24,0.8348357540884832,0.01175825005758427,0.010000000000000009,83.48357540884825
match,ruler_vt_16k,71,L6,ALL,2.118068225535973,0.029831946838534833,1.6145883940620782,1.311831692414938
match,ruler_vt_16k,71,L12,OFF,0.3731591035488878,0.005255762021815321,1.3528265107212478,0.27583662841582046
match,ruler_vt_16k,71,L12,L0,1.3172552739914523,0.0185528911829782,3.740740740740741,0.35213754849276446
match,ruler_vt_16k,71,L12,L6,1.4033069440561667,0.01976488653600235,2.165542060278902,0.6480164803981843
match,ruler_vt_16k,71,L12,L18,1.3135253955729231,0.018500357684125678,1.1538461538461537,1.1383886761632
match,ruler_vt_16k,71,L12,L24,1.2004174143869681,0.016907287526577015,0.0,
match,ruler_vt_16k,71,L12,ALL,1.8827696158850504,0.02651788191387395,1.9433198380566803,0.9688418648408488
match,ruler_vt_16k,71,L18,OFF,0.9389834794878966,0.013225119429406995,1.2316737841277916,0.7623637781272066
match,ruler_vt_16k,71,L18,L0,2.1927576603814574,0.030883910709597992,2.9340781421248554,0.7473412616043911
match,ruler_vt_16k,71,L18,L6,0.9640841463032966,0.013578649947933756,1.4515826801045169,0.6641606844150831
match,ruler_vt_16k,71,L18,L12,0.9915019098792753,0.01396481563210247,1.1538461538461537,0.8593016552287054
match,ruler_vt_16k,71,L18,L24,0.8305777805314702,0.011698278599034792,2.310285206300244,0.3595130931308611
match,ruler_vt_16k,71,L18,ALL,1.607336566079744,0.022638543184221746,1.0168848243540294,1.580647608838883
match,ruler_vt_16k,71,L24,OFF,0.18351574051371208,0.0025847287396297478,0.12020408163265314,1.5267014066505749
match,ruler_vt_16k,71,L24,L0,1.934144339475365,0.027241469570075564,3.841139784748808,0.5035339633186113
match,ruler_vt_16k,71,L24,L6,1.1993825842267931,0.016892712453898496,0.010000000000000009,119.93825842267921
match,ruler_vt_16k,71,L24,L12,0.5747669733043766,0.008095309483160234,0.0,
match,ruler_vt_16k,71,L24,L18,0.5786396730243191,0.008149854549638296,2.310285206300244,0.2504624413671284
match,ruler_vt_16k,71,L24,ALL,1.944460178128964,0.02738676307223893,3.041339031339031,0.6393434464532102
match,ruler_vt_16k,71,ALL,OFF,2.7402782598729503,0.038595468448914795,1.263846153846154,2.16820556167671
match,ruler_vt_16k,71,ALL,L0,3.233151136258638,0.04553733994730476,2.1380027628627856,1.5122296343197652
match,ruler_vt_16k,71,ALL,L6,2.41271522019914,0.03398190450984705,1.6145883940620782,1.4943221622751088
match,ruler_vt_16k,71,ALL,L12,2.5806689535445244,0.03634745004992288,1.9433198380566803,1.3279692323447865
match,ruler_vt_16k,71,ALL,L18,3.0069880330366234,0.042351944127276386,1.0168848243540294,2.9570586176726517
match,ruler_vt_16k,71,ALL,L24,1.743882226244657,0.024561721496403618,3.041339031339031,0.5733929063070834
